aa_sequence,class
GVDCLSSHFQELSIYQ,c1a-5
DLRKLCERLRGMDS,c3-4
VPDEAYDLLDKLLDLNP,c1c-AT-4
RTFDMHSLESSLIDIM,c1aR-5
DMHSLESSLIDIMR,c3-4
HLNYLKEVDQLRLER,c1b-5
EVDQLRLERLQIDE,c2-5
EEAETVSAMALLSVGA,c1a-AT-4
QLPPLERLTLDC,c2-rev
DIRTLEDLLMGTLGIVC,c1c-5
TLEDLLMGTLGIVC,c2-5
RSFEMTEFNQALEEIK,c1aR-5
EMTEFNQALEEIKG,c3-4
NLEALQKKLEELELDE,c1a-5
SVPEVEALLARLRA,c3-4
EVEALLARLRALXX,c3-4-Ct
AIQDLCMAVEEVSLRK,c1a-5
TVDEMTKKFGTLTIHD,c1a-5
ILMKLKESLELMELVP,c1a-5
NSNELALKLAGLDINK,c1a-4
NELALKLAGLDINK,c2-4
VSPGIDLSGLTLQS,c2-4
XMEELSQALASSFSVSQ,c1c-5-Nt
SEKFIVEGLRDLELFG,c1a-4
GIFGLVTNLEELEVDD,c1a-5
SLQELVQQFEALPGDLVG,c4-5
SLQELVQQFEALPG,c3-4
SVEEVEAGLKGLKVDQ,c1a-5
PMSPITAQMSQLELQQ,c1a-5
SQLELQQAALEGLALPH,c1c-AT-4
AINKLESNLRELQICP,c1a-5
HQGALVCLAESCLTLEG,c1c-AT-4
GVTHVVPIYAGFSLPH,c1d-5
AGFSLPHAILRIDLAG,c1a-4
IVRDIKEKLCYVALDF,c1a-5
AEEIVDGNAKMTLGMIW,c1c-AT-4
TLGMIWTIILRFAIQD,c1a-5
GADGLCSHFRELSISQ,c1a-4
FPQDVINKLDKLSVLR,c1a-4
KLDKLSVLRLSVSY,c2-5
KLSVLRLSVSYLRA,c3-4
DLEDLRDALKLLGFXX,c1a-5-Ct
EVDDLRDAFRTLGLXX,c1a-5-Ct
VYRDLKLENLMLDK,c2-4
ASPRLGSHTMDFFEMCA,c1c-AT-4
HTMDFFEMCASLITAL,c1aR-4
NVLNLDQQFAGLDLNS,c1a-5
IQQTLAAIVDAIKLDA,c1a-4
EVTDLLASFTSLSLQM,c1a-5
XMSTVHEILCKLSLEG,c1a-5-Nt
GQIDLLERLKELNLDS,c1a-4
INFSTATSLSDLTIES,c1a-AT-4
RYPHLWVRLYVLELYC,c1a-4
PHLWVRLYVLELYC,c2-4
VRLYVLELYCIILGLP,c1aR-5
RLYVLELYCIILGL,c2-5
YVLELYCIILGLPPCL,c1aR-4
YVLELYCIILGLPPCLNI,c4-5
YVLELYCIILGLPP,c3-4
IILGLPPCLNILRR,c3-4
DLSSLNGQLQSEVTLLR,c1c-5
EVTLLRNEVAQLKQ,c3-4
AGDHLEEELDLLLNLDA,c1c-4
DSEQLQMELKELALEE,c1a-4
EQLQMELKELALEE,c2-4
GDSDLQLERINVYY,c2-4
SLEELCAARRLSLAT,c1b-AT-5
AFLTVKKQMEELTVSE,c1a-5
AFLSVKKQFEELTLGE,c1a-5
RLAEVCAVLLRLGD,c3-4
EVCAVLLRLGDELEMIR,c1c-5
VLLRLGDELEMIRP,c3-4
VLLRLGDELEMIRPSVYR,c4-5
QNIELITFINALKLWL,c1a-4
QNIELITFINALKLWL,c1aR-4
CPICLELIKEPVSTKC,c1aR-4
ESTRFSQLVEELLKIIC,c1c-4
LVEELLKIICAFQLDT,c1a-5
GNTQIKEDLSDLTFLE,c1a-4
TVLITKEGVIQLIMKS,c1a-AT-5
IQLIMKSKLPYAVELQA,c1cR-4
AVRDLERAMTTLKLWE,c1a-5
NATAVVRHMRKLQLGT,c1a-4
SINKILSGLDDMSIGG,c1a-5
AFSKLLSGVDDISING,c1a-5
PEQPLTPVTDLAVGFSN,c1c-AT-4
PVTDLAVGFSNLST,c3-4
LKKTLSLCDVDIST,c2-4
SHLVLIGIANTLDLTD,c1aR-4
VSDGVIKVFNDMKVRK,c1a-4
ELLQVLRMMVGVNISD,c1a-5
SFTEFVKVLEKVDVEQ,c1a-5
XMARALADLSVNLQVPR,c1c-AT-5-Nt
IDPTLTRLFECLSLAY,c1a-4
NCPFLENSLETLRFSI,c1a-4
SLETLRFSISNLSMQT,c1a-5
HSAQIHTPVAIIELEL,c1a-4
IHTPVAIIELELGK,c2-4
ESEFLCLEFDEVKVNQ,c1a-4
EFLCLEFDEVKVNQ,c2-5
KVNQILKTLSEVEE,c3-4
DQDNLDLANVNLML,c2-4
DNLDLANVNLMLELLV,c1aR-5
DLANVNLMLELLVQ,c3-4
SSRGLPDANDLCLGL,c1b-AT-4
DANDLCLGLQSLSLTG,c1a-4
NDLCLGLQSLSLTG,c2-4
GSDHLSDLISSLRISP,c1a-4
DTFNLHSLENSLMDMI,c1aR-5
NLHSLENSLMDMIR,c3-4
DKTALALEVGELVKVTK,c1c-4
VGELVKVTKINVSG,c2-4
GQESLEEELDVLVLDD,c1a-4
LPDELCQAFSDVLIHV,c1a-4
AEEDLCQAFSDVILAV,c1a-4
AFSDVILAVNDVDA,c3-4
DLACTPTDVRDVDIXX,c1a-AT-5-Ct
AAEPVILDLRDLFQLIY,c1c-4
VILDLRDLFQLIYE,c3-4
VILDLRDLFQLIYELK,c1aR-5
DCDDFDISQLNLTP,c2-4
SWLYLEEMVNSLLNTA,c1aR-4
MVNSLLNTAQQLKT,c3-AT
SLLNTAQQLKTLFE,c3-AT
KPWDVVPMVTQMAMTD,c1a-4
VVPMVTQMAMTD,c2-rev
TVGWILSTLDQLRLKP,c1a-5
VEERVAQEALETLQLEK,c1c-AT-4
EERVAQEALETLQLEK,c1a-AT-4
EALETLQLEKRLSLLS,c1d-AT-4
QLQELDKQISDLRLDV,c1a-5
RFPSLEGAVSEISLRD,c1a-5
SSMEVNVDMLEQMDLMD,c1c-4
VNVDMLEQMDLMDISD,c1a-4
QVAELYPELRRILT,c3-4
QVAELYPELRRILTITE,c1c-5
RIYDITNVLEGIGLIE,c1a-5
KLIELKAEIEELQQ,c3-4
DMVLTREELVILRK,c3-AT
VMLAVQEGIDLLTFPP,c1a-5
LGLQLEEIQETLKNSG,c1aR-4
DGATLCNCALEELRLVF,c1c-AT-4
RGTHLWEFIRDILIHP,c1a-4
GEEFVCLKSIILLN,c2-4
MVQIIHKKFSSIQMQL,c1a-5
DSHKVKHVACYGFRLSH,c1c-AT-4
RSEEVHWLHVDMGVSS,c1d-4
MELCTLGELRSFLQVRK,c1c-AT-4
RKYSLDLASLILYA,c2-4
LLLEVEGPLCKKLSLSK,c1c-5
VTVDVLQRMLIFALDA,c1a-4
LIFALDALAAGVQEES,c1aR-4
RLADLKVSIENMGLYE,c1a-5
LCSCLSPGLIKKFQFLM,c1c-4
LSPGLIKKFQFLMFRL,c1a-4
LIKKFQFLMFRLFS,c2-5
IISRLQEMVADLELQQ,c1a-5
QALNLPDVFGLVVLPL,c1a-4
NLPDVFGLVVLP,c2-rev
VVLPLELKLRIFRLLD,c1a-5
NPENMENLLDNLNLLS,c1a-4
NMENLLDNLNLLSS,c3-4
ELPRLTDMAGTMNLND,c1a-AT-5
GTMNLNDGLTENLMDDL,c1cR-4
LTENLMDDLLDNITLPP,c1c-4
TENLMDDLLDNITLPP,c1a-4
KLTDFGLSKVTLNR,c2-5
SKVTLNRDINMMDILT,c1a-4
TPGQVLSLISSLGFNT,c1a-4
GFCYVNDIVLAILE,c3-4
GFCYVNDIVLAILELLK,c1c-5
YVNDIVLAILELLK,c2-5
YVNDIVLAILELLK,c3-4
EEAETVTAMASLSVGV,c1a-AT-4
EAETVTAMASLSVGVKP,c1c-AT-4
KSDSISLSFDESLALCV,c1c-4
TVNAAESKITNLIYLKH,c1c-AT-5
NLIYLKHTLELVDP,c3-4
AFTLFATHFLELCH,c3-4
NCQTLVDKFMKLDLED,c1a-4
VESEISPRLDAIKLTT,c1a-4
VPTHLAEELNARLTIFG,c1c-4
KSENVQDLLLLDVTP,c1b-4
EQPEFDVEVEDLVVKT,c1a-4
PEFDVEVEDLVVKT,c2-4
WGEELQDLVDQLGFLX,c1a-4
ELQDLVDQLGFLXX,c3-4-Ct
LVWQLGRDLLNMYIET,c1a-5
IEAALSDALAALQIED,c1a-4
QLLEIVHDLENLSLDQ,c1a-5
AGRNMRRKLFGVLRLKC,c1c-4
XMATLEKLMKAFES,c3-4-Nt
TLEKLMKAFESLKS,c3-4
YITAACEMVAEMVE,c3-AT
MVAEMVESLQSVLA,c3-4
MVAEMVESLQSVLALGH,c1c-5
GVPAFLTPLLRNIIISL,c1c-5
VPAFLTPLLRNIIISL,c1a-4
LMQQIENFEKIFTVPT,c1d-5
LGEILRLALMDMYK,c2-4
DDDIVFEDFARLRLKG,c1a-4
RPFRLPPRLALRLRVTA,c1c-4
ILQHVIDYIRDLQLEL,c1a-5
PLTTLNTDISILSLQA,c1a-5
EYEQMVKELQEIRLEP,c1a-4
PSTRIQQQLGQLTLEN,c1a-4
QLGQLTLENLQMLP,c2-5
EESLVLLPFDDLKISG,c1a-4
SLVLLPFDDLKISG,c2-5
ASSSLGLQDFDLLR,c2-4
LMEEIGFLVLGMRVYH,c1a-5
TQEDILDELLGNMVLAP,c1c-4
QEDILDELLGNMVLAP,c1a-4
KLRILQRELQNVQVNQ,c1a-5
TGSNTEESVNDLTLLK,c1a-AT-4
SVNDLTLLKTNLNLKE,c1d-5
TLLKTNLNLKEVRS,c3-AT
CKDYLVKIFEELTLHK,c1a-4
VVDQFFTDTEGIPY,c3-AT
DTEGIPYSINMNVFLPD,c1c-4
YSINMNVFLPDITHLR,c1aR-5
NMNVFLPDITHLRT,c3-4
DVLPMCSIFQELQIVH,c1a-5
EQFDMVPLVIKLRLRS,c1a-4
MVPLVIKLRLRS,c2-rev
DHRHLVDSLHDLTIKD,c1a-4
ESYTLNSDLARLGVQD,c1a-4
RMKNLREISQLGISG,c1b-5
EIDSLTSILADLEC,c3-4
VLEALEDEAYVVND,c3-AT
RNRQLEQELQQLSLEL,c1a-4
XMSLFGDTIAYLLS,c3-4-Nt
XMSLFGDTIAYLLSLIE,c1c-5-Nt
ESSALLYCLMVMYLNP,c1a-4
ELSKAQTTIQLLQE,c3-AT
TIQLLQEKLEKLTK,c3-4
DVYELTNLLRQLDFKV,c1a-5
TIPILDALKVTA,c2-rev
VKEEMTSALATMRVDY,c1a-4
EEAELQRRLQLGLRVSP,c1c-4
EEPDLVLLSLVLGF,c2-4
PDLVLLSLVLGFVEHF,c1aR-4
DLVLLSLVLGFVEH,c3-4
DLVLLSLVLGFVEHFL,c1aR-5
LSLVLGFVEHFLAVNR,c1aR-4
DSLELLQLQQKLLWLL,c1aR-5
ERQQLIQMSEDLVIAM,c1d-4
MSEDLVIAMDQLNLEQ,c1a-4
EDLVIAMDQLNLEQ,c2-4
XMFMFNWFTDCLWT,c3-AT-Nt
QLANMRIQDLKVSL,c2-5
ANMRIQDLKVSLKPLH,c1aR-5
PLPVLGLGGLRISS,c2-5
EDSPLVQALSGLHLSA,c1a-4
PAPLFDLAMLALDS,c2-4
LKIPIGAKIQTLHLVG,c1a-4
KIQTLHLVGVNVPE,c2-5
IDASLTKLFECMTLAY,c1a-4
DIQELSEQIHRLLLQP,c1a-5
SVQELTEQIHRLLMQP,c1a-5
PLEMLEIALRNLNLQK,c1a-5
HDDTLPSQLGTMVINA,c1a-4
FDMSLVKPVSKITFVT,c1a-4
TFVTLPSPLASLTLEP,c1a-5
TNHSLCLSDLSLLS,c2-4
LKKDIQDGLLKMLSLVL,c1c-4
IQDGLLKMLSLVLMHK,c1a-4
QDGLLKMLSLVLMH,c2-4
KMLSLVLMHKPLRHPG,c1aR-4
VVQAITFIFKSLGLKC,c1a-5
KDDWLEWLRRLSLEL,c1b-4
EMREIRRKLRELQLRN,c1a-5
SLQQMQELSNILNLSY,c1d-5
KLLSLKTLQSELFEVE,c1aR-5
SPEHVIQALESLGFGS,c1a-4
SFQDILMRMSKMQLGS,c1a-5
DLNGMVTRFESLKIYR,c1a-5
AHNYIWALTQTLRIAD,c1a-AT-4
DIEQVWEELLSIPE,c3-4
SIPELQCLNIEN,c2-rev
SLHLLKKQLSTLYLEV,c1a-5
QLSTLYLEVFSMLR,c2-5
PRKLLLTEFRSLVVSN,c1a-4
RKLLLTEFRSLVVSNH,c1aR-4
PRISLAEMLEDLHISQ,c1a-4
PRISLAEMLEDLHISQ,c1aR-4
NIDELLDELDEMTLED,c1a-5
PGPALVLYMVNLLDLPD,c1c-4
GPALVLYMVNLLDLPD,c1a-4
YMVNLLDLPDALLPDL,c1aR-4
NEHQLSLRTVSLGA,c2-4
VQPTVSLGGFEITP,c2-4
GFEITPPVVLRLKC,c3-AT
GEKTTQRDLTELEISS,c1a-AT-4
VHVGFQYEFLELIIHF,c1a-4
NLHLLKRRLSTLYLEV,c1a-5
RLSTLYLEVFSMLR,c2-5
VLNQLCVRFFGLDLDS,c1a-5
DLPELDLSELDVND,c2-5
QDLLFESAFLELFVLR,c1a-4
QDLLFESAFLELFVLRL,c1c-4
ESAFLELFVLRLAY,c2-4
CTQGLQRIFYLKLED,c1b-4
TGFDLNNLDPELKNLF,c1aR-5
DLNNLDPELKNLFD,c3-4
DLNNLDPELKNLFDMCG,c1c-5
TFSDTSSNINSILELFP,c1c-AT-5
TSSNINSILELFPKLLCL,c4-4
MPSDFISLLSADLDLES,c1c-4
QGEVLSQRIGLMDVGQ,c1a-4
DAADTAGLLEKLTVEE,c1a-AT-4
ERYALSAYLTLFVALAE,c1c-4
RLDRMLKSAAIRILVCE,c1c-AT-5
LDRMLKSAAIRILVCE,c1a-AT-4
NIKILDRSMKTMME,c3-4
LDRSMKTMMETMKLMM,c1a-4
MMETMKLMMEKVDLLY,c1a-5
DLAGLLEALSDMGLEE,c1a-5
EGDFAWERVRGLGLPK,c1a-AT-4
ERFEMFRELNEALELKD,c1c-4
ALTLLLDEFENMSVTR,c1a-5
NLHKVSPSLKGFLD,c3-4
VSPSLKGFLDRLLVRD,c1a-4
QYISTASYLSSLSLSS,c1a-AT-4
ESFDIDDLCSKLKNKA,c1aR-4
HEENLAERLSKMVIEN,c1a-4
ILKKVLEALKDLIN,c3-4
NYDNLLSQFGFMQVSS,c1a-4
AVHGLELEALRLSL,c2-5
HGLELEALRLSLSNMH,c1aR-5
ELEALRLSLSNMHT,c3-4
ERGALQDALRRLLGLFG,c1c-4
LLGLFGETLRAAVTLRS,c1c-5
LREKLDEFNELAIQK,c1b-4
EIEQLHEVIEKLQH,c3-4
QLHEVIEKLQHELSLMG,c1c-5
VIEKLQHELSLMGP,c3-4
VIEKLQHELSLMGPVVHE,c4-5
NFKELKDFLKELNIQV,c1a-5
SAHEITGLADSLQLEK,c1a-AT-4
EREELWKKLEELKLKK,c1a-4
AIGKMARVFSVLRE,c3-4
GEMLFGLVRQGLKCDG,c1aR-4
KVYPIILRLGSQLSLSM,c1c-5
RMAIVRLSLNLFALRI,c1a-5
AIVRLSLNLFALRIIT,c1a-5
SPPDLTLSSLTLYQ,c2-4
AVRDLEKAMTTLKLWE,c1a-5
EVDNLPEDMKRLHLDD,c1a-5
HAEKVAEKLEALSVKE,c1a-4
SIPELQNFLTILEK,c3-4
RERQLRMLEDLGFKD,c1b-4
GEGTLSEALLQLQFDD,c1a-4
RLSGLDRRIQQLED,c3-4
RIQQLEDLVRHMSLGS,c1a-5
SMDALSAQLYSSLSLDS,c1c-5
ETPGLEGLKELMQLCW,c1d-4
CLPKTDEVFQMVEN,c3-AT
NDVMVSEWLNKLNLEE,c1a-4
PVELAVSGMQTLGLQH,c1a-AT-5
FGPELDTLLDSLSLVQ,c1a-4
ELELLIGGIAEIDIED,c1a-5
VDACVTDLLKELVRFQD,c1c-4
CVTDLLKELVRFQD,c3-4
SYDGAQDQFHKMVELTV,c1c-AT-4
LEPDLSEEVSARLRLGS,c1c-4
GERWTHRFERLRLSR,c1b-AT-4
KASVMRITIAFLKIRE,c1a-4
SVMRITIAFLKIRE,c2-5
SVMRITIAFLKIRE,c3-4
ITIAFLKIREMLQFVP,c1aR-5
AFLKIREMLQFVPSLR,c1aR-5
DEVDLLIVIGSSLKVRP,c1c-4
DMDFLRNLFSQTLSLGS,c1c-5
TVYELTKMCTIRMSF,c1b-5
VYELTKMCTIRMSF,c2-AT-4
ELTKMCTIRMSFVK,c2-AT-5
VIIKLNIHVGNISLVD,c1a-5
ELELIIGGLDKIDLND,c1a-5
GLGQLPKQLARLSVAK,c1a-5
YINDLEKQINDLQIDK,c1a-5
KQEQLLLKKMYLML,c2-4
EQLLLKKMYLMLDNKR,c1aR-4
TFSLFQQLIQSSFVVER,c1c-5
KFNILGTHTKVMNMEE,c1a-AT-5
TNGSLAAEFRHLQLKE,c1a-4
IVELFRNLMKSAFVVER,c1c-5
NNGSLSAEFKHLTLRE,c1a-4
SIEQLTTLAEKLLG,c3-AT
XMLQINQMFSVQLSLGE,c1c-5-Nt
KVRRAIEQLAAMDX,c3-AT
PYKRIEELLYKISLTT,c1a-4
LLYKISLTTGALIILPE,c1c-AT-5
LLYKISLTTGALIILP,c1a-AT-5
PATGAHWMRQLVSFQK,c1d-AT-4
MRQLVSFQKLKLTN,c2-4
GEDQTALSLEECLRLLE,c1c-AT-4
CGEDLIIKGISVHI,c2-4
EDLIIKGISVHISNAE,c1aR-4
PLPVLENLTLKX,c2-rev
DHSEILDGISNIKLNS,c1a-4
XXMDLSAIYESLMSMS,c1aR-5-Nt
DLSAIYESLMSMSH,c3-4
IQVALNFIISYLYNKL,c1aR-4
LNFIISYLYNKLPRRR,c1aR-4
TVLDILRDFFELRLKY,c1a-5
QARFILEKIDGKIIIEN,c1c-4
ARFILEKIDGKIIIEN,c1aR-4
TVQDILKEFFDLRLSY,c1a-5
EIDSLTSMLADLDG,c3-4
FEITTSTGFLTDLTLDD,c1c-AT-4
FLTDLTLDDILFAD,c2-5
SDAELCDIAAILGMHT,c1a-AT-4
GTAEFLQPTADLLVEV,c1a-AT-4
TAEFLQPTADLLVEVLR,c1c-AT-4
PTADLLVEVLREIQLSP,c1c-4
TADLLVEVLREIQLSP,c1a-4
GGSVLGPRVRVVDIMS,c1a-4
RVVDIMSQFRKLLMGD,c1a-5
GTGELGAALSRLALRP,c1a-4
QVQELTRSMANLTFKQ,c1a-5
RLERLQEILRKFLY,c3-4
RLERLQEILRKFLYLER,c1c-5
RLQEILRKFLYLER,c3-4
LEPALERLFGRLRITN,c1a-4
HCREIRIGIAGITITL,c1a-4
REIRIGIAGITITL,c2-4
GVEAIIRILQQLLFIH,c1a-5
AIIRILQQLLFIHFRI,c1a-5
RSKGFAITDLLGLES,c1b-AT-4
TSSGIEVEASDLSLSL,c1a-AT-4
QLERLRKDMGSVALDA,c1a-5
PLQNISPWILAVLT,c3-4
PLQNISPWILAVLTLQI,c1c-5
SPWILAVLTLQIQS,c2-4
ILAVLTLQIQSLIS,c3-4
SGAYLIPLLERLDLKK,c1a-4
LIPLLERLDLKK,c2-rev
HEYRLLARLEELDLAI,c1a-4
RPVVLFGPIADIALEK,c1a-4
ADIALEKLANELPDLF,c1aR-5
NSPLTMKEVEELELLT,c1a-AT-4
EVEELELLTQKLMK,c3-AT
