uniprotID,sequence,secondary,label
O95613,RLQQLEQDLTSDDALHCS,HHHHCCCCCCCCCCCCCC,0
O15350,AKSATWTYSPLLKKLY,CCCEEEEECCCECEEE,0
O95613,TQGTLEGFKVETADLKEV,HHHHHHHHHHHHHHHHHH,0
P03372,GEEFVCLKSIILLN,HHHHHHHHHHHHHC,1
Q13490,YDFSCELYRMSTYSTF,CCCHHHHHHHHCCCCC,0
Q9LMK7,DAADTAGLLEKLTVEE,CCCCCCCCCCCCCCCC,1
P35869,RTKNFIFRTKHKLDFT,CCCCEEEEEECCCCCC,0
P30309,LKKTLSLCDVDIST,CCCCCCCCCCCCCC,1
Q91YD9,TGFDLNNLDPELKNLF,CCCCCCCCCHHHHHHH,1
P42858,SGGQKSALFEAARE,CCCCCHHHHHHHHH,0
P03243,EEAIRVYAKVALRP,HHHHHHCCEEEECC,0
P42227,SIEQLTTLAEKLLG,CHHHHHHHHHHHCC,1
P42345,RKNLSIQRYAVIPLST,HCCCEEEEEEEEECCC,0
Q8N108-13,XMFMFNWFTDCLWT,CCHHHHHHHHHHHH,1
O95613,CSPSRSERSAWKPD,CCCCCCCCCCCCCC,0
P42227,VARCLWEESRLLQTAA,HHHHHHHHHHHHHHHH,0
Q6UB99,GKLRLQHSIEREKLIV,HHHHHHHHHHHHHHHH,0
P41152,EQPEFDVEVEDLVVKT,CCCCCCCCCCCCCCCC,1
P25054,GSREGSVSSRSGECSP,CCCCCCCCCCCCCCCC,0
Q9Z0Z7,NMNVFLPDITHLRT,EECCCCCCCCCCCC,1
P16727,VSDENGATFPRDALLG,ECCCCCCCCCCCHHEC,0
P15336,EVTLLRNEVAQLKQ,HHHHHHHHHHHHHH,1
Q15797,PFPHSPNSSYPNSPG,CCCCCCCCCCCCCCC,0
P10188,PTADLLVEVLREIQLSP,CCCHHHHHHHHHHCCCC,1
P38398,CPICLELIKEPVSTKC,CCCCCCCCCCCCCCCC,1
Q9UDY8,LREPLLRRLSELLDQA,CCHHHHHHHHHHHCCC,0
P10231,GGSVLGPRVRVVDIMS,CCCCCCCCCCHHHHHH,1
O15392-4,AFLSVKKQFEELTLGE,CCEECCCCCCCCCHHH,1
Q0PLR1,XMSLFGDTIAYLLSLIE,CCCCHHHHHHHHHHCCC,1
Q14678,YAHVNFAKAQSPGTPR,HHHHCCCCCCCCCCCC,0
P25054,INFSTATSLSDLTIES,CCCCCCCCCCCCCCCC,1
Q9Y572,MENGSLSGLLQSQCPR,CCCCEHHHHHCCCCCC,0
O95613,QALELLRADFEEQL,HHHHHHHHHHHHHH,0
P04014,GTVISYVNSCSHFWLQ,CEEEECCCCCCCCCHH,0
P42858,FDRIRKGFPCEARV,HHHHHHCCHHHHHH,0
O95613,LQGVQDGDLEADTER,CCCCCCCCCCCCHHH,0
Q9BY84,EDSPLVQALSGLHLSA,CCCHHHHCCCCCCCCC,1
P04807,LMQQIENFEKIFTVPT,HHHHHHHHHHHCCCCH,1
Q13490,ILTTGENYKTVNDIVS,HHHCCCCCCCHHHHHH,0
Q16236-2,FNDSDSGISLNTSP,CCCCCCCCCCCCCC,0
O15360,DFHQWAIHEHFLPESS,HHHHHHHHHCCCCCCC,0
P38861,NIDELLDELDEMTLED,CHHHHHHHHHCCCCCC,1
P17861,ILAVLTLQIQSLIS,HHHHHHHHHHHHHH,1
Q04377,DHRHLVDSLHDLTIKD,HHHHHCCCCCCCCHHH,1
Q9R1A8,DNLDLANVNLMLELLV,CCCCHHHHHHHHHHHH,1
Q8VIP2,XMARALADLSVNLQVPR,CHHHHCCCCCCCCCCCC,1
Q99741,SHLVLIGIANTLDLTD,CCEEEEEEECCCCCCC,1
P15336,EAKMRLKAALTQQHPPV,CCCCCCCCCCCCCCCCC,0
P46934,GPQSFTVEQWGTPEKLP,CCCCEEEEECCCHHHCC,0
O95613,NLIEDHQKELNNAK,HHHHHHHHHHHHHH,0
Q99741,SQEGAQDSFPLQQKIL,CCCCCCCCCCHHHHHH,0
P20651,HRLTSEEVFDMDGI,CCCCHHHHECCCCC,0
Q96T21,SVPGSQYLYNQPSCYRG,CCCCCCCCCCCCCCCCC,0
O96013,ALTLLLDEFENMSVTR,CCCCCCCCCCCCCCCC,1
O00255,ATVIQDYNYCREDEEI,HHHHHHCCCCCCCHHH,0
Q05397,SWIISVELAIGPEEGIS,CCCEEEEEEECCCCEEE,0
P20651,AIGKMARVFSVLRE,HHHHHHHHHHHHHH,1
P35869,AKGRIVLGYTEAEL,HHHHHHHCCCHHHH,0
P02554,DETYCIDNEALYDI,CCEEEECHHHHHHH,0
P40957,LNKNYENNIVNLKR,HHHCHHHHHHHHHH,0
Q16236-2,DIEQVWEELLSIPE,CHHHHHHHHHCCCC,1
Q24167,SPVFGGSDSSGGDGET,CCCCCCCCCCCCCCCC,0
Q6UB99,KLRLSAHTILPGSKTR,CCCCCCCCCCCCCCCC,0
Q8VIP2,SPRRSAGGLHRSQVIH,CCCCCCCCCCCCCCCC,0
P42858,GEQASVPLSPKKGS,CCCCCCCCCCCCCC,0
P42224,ACIGGPPNACLDQL,HCCCCCCCCCHHHH,0
O94916,MPSDFISLLSADLDLES,CCCCCHHHCCCCCCCCC,1
Q9NRA8,SQLELQQAALEGLALPH,CHHHHHHHHCCCCCCCC,1
P42858,LLDSDQVFIGFVLK,HCCCCCHHHHHHHH,0
O00401,RPSVAVPPPPPNRMYP,CCCCCCCCCCCCCCCC,0
P97318-2,FDEKTGALQHHHAVHE,EECCCCCEEEEECHHH,0
P42858,KKGSEASAASRQSDTSG,CCCCCCCCCCCCCCCCC,0
P11388,QARFILEKIDGKIIIEN,HHHHHHHHHCCCCCCCC,1
P25054,EDTPICFSRCSSLSSL,CCCCCCCCCCCCCCCC,0
Q15797,TVYELTKMCTIRMSF,EEEECCCEEEEEEEE,1
O95613,SSPEVLRKDWTLEPWP,CCCCCCCCCCCCCCCC,0
Q7TN99,KSKTQPQSQQQQRQQQ,CCCCCCCCCCCCCCCC,0
P51587,PFKTKSHFHRVEQCVR,CCCCCCCCCCCCCCCC,0
Q15172,EREELWKKLEELKLKK,HHHHHHHHHHHHHHHH,1
P42224,GEPDFHAVEPYTKK,CCCEEEEEEECCCC,0
P20651,ESVLTLKGLTPTGM,HHHHHCCCCCCCCC,0
P00520,AINKLESNLRELQICP,HHHHHHHHCCCCCCCC,1
O43707,AEKGYEEWLLNEIRRL,HHHHHHHHHHHHHHHH,0
O43524,SPTSSFNSTVFGPSSLN,CCCCCCCCCCCCCCCCC,0
P36328,VLVVGEKLSVPGKKVD,EEEECCCCCCCCCCEE,0
P25963,ITNQPEIAEALLGA,HCCCHHHHHHHHHC,0
Q14678,NKAGYTPIMLAALAAV,CCCCCCHHHHHHHCCC,0
Q14457,EQLQMELKELALEE,HHHHHHHHHHHHHH,1
O70201,AFLTVKKQMEELTVSE,CCEECCCCCCCHHHHH,1
Q8BMI0,IPCIPMLRHLYMKW,CCCCCCCCEEEEEC,0
P97318-2,AAEPVILDLRDLFQLIY,CHHHHHHHHHHHHHHHH,1
Q96T21,REIPKAKKPTSLKKIIL,CCCCCCCCCCCCCCCCC,0
P10231,LATGALLARFNPDAVR,HHHHHHHHHHCHHHHH,0
P14635,VTGNMRAILIDWLV,CCHHHHHHHHHHHH,0
P42858,FIQAIQSRCENLSTPT,HHHHHHHHCCCCCCHH,0
Q96D46,NIYRDSAIPVESDTDD,CCCCCCCCCCCCCCCC,0
O94916,NEGQPPVTTLLSQQMPE,CCCCCCCCCCCCCCCCC,0
Q9Z207,ILEKLINGQIQEKV,HHHHHHCCCCCCHH,0
Q62985,RRFRLYLASHPQYAE,HHHHHHHHHCCCCCC,0
P36616,RFPSLEGAVSEISLRD,CCCCCCCCCCCCCCCC,1
Q16236-2,IINLPVVDFNEM,HHHCCHHHHHHH,0
Q04584,NSPLTMKEVEELELLT,CCCCCCHHHHHHHHHH,1
P24097,RKLPGERRPGFWKSLR,CCCCCCCCCCHHHHHH,0
Q9Z0Z7,KRRIHFCDYNGCTK,CCCCCCCCCCCCCC,0
Q05397,MVKEVGLALRTLLA,HHHHHHHHHHHHHH,0
P40427,MVQIIHKKFSSIQMQL,HHHHHHHHHHHHHHHH,1
Q99653,ELLQVLRMMVGVNISD,HHHHHHHHHHCCCCCH,1
O95613,TVSDHPPEQHGMFTVGD,CCCCCCCCCCCCCCCCC,0
Q9BYM8,YLYLLSARNTSLNPQ,EEEEECCCCCCCCHH,0
Q8N720,PYTCSECGKDFRLN,CEECCCCCCEECCH,0
Q7TN99,HSRAGREFHKPLVKEG,CCCCCHHHCCCCEECC,0
O95613,SLEHLRLPDRSSLLSEI,CCCCCCCCCHHHHHHHH,0
Q9NRA8,AAVSSRRSGSPLEKDS,CCCCCCCCCCCCCCCC,0
Q13490,RSLARAGFYYTGVNDK,HHHHHCCEEEECCCCE,0
P97318-2,QVAVKTSAKKDSRK,CCCCCCCCCCCCCC,0
P16727,RMAIVRLSLNLFALRI,HHCEEEEEEEEEEEEC,1
O95613,QSAKALEELRASLE,HHHHHHHHHHHHHH,0
P97318-2,VILDLRDLFQLIYELK,HHHHHHHHHHHHHHHH,1
Q13490,YSSLSPNPLNSRAVED,CCCCCCCCCCCCCCCC,0
O95613,NSVQKLLAAEQTVVRDL,HHHHHHHHHHHHHHHHH,0
Q9WVH5,NMENLLDNLNLLSS,CCHHCCCCCCCCCC,1
Q9HAP2,IDASLTKLFECMTLAY,CCHHHHHHHHHHEEEC,1
Q0PLR1,XMSLFGDTIAYLLS,CCCCHHHHHHHHHH,1
P54824,LIPLLERLDLKK,HHHHHHHCCCCC,1
O92398,IQLIMKSKLPYAVELQA,HHHHHHCCCCCHHHHHH,1
P30740,ESYTLNSDLARLGVQD,CCCCCHHHHHHCCCCC,1
Q60795,NLHLLKRRLSTLYLEV,HHHHHHHHHHHHHHHH,1
P31749,SERRPHFPQFSYSA,CCCCCCCCCCCCCC,0
P42858,EELDRRAFQSVLEVVA,CCCCHHHHHHHHHHHH,0
P30021,AAAAGERSVVEELFTYA,HHHCCCCCHHHHHCCCC,0
O95613,EATATDAEAREAALR,HHHHHHHHHHHHHHH,0
Q9BZB8,NEATCTWSGQLPPRNY,HCCCCCCCCCCCCCCC,0
C3W5S6,DLNGMVTRFESLKIYR,CCCCHHHHHHHHHHHH,1
Q09137,SPKARCPLDALNTTKP,CCCCCCCCCCCCCCCC,0
P41152,YSSSLQESEAELAS,CCCCCCCCCCCCCC,0
P03129,DIRTLEDLLMGTLGIVC,HHHHHHHHHCCCCCEEC,1
Q16828,PLPVLGLGGLRISS,CCCCCCCCCCCCCC,1
P17861,LCQWGRHQPSWKPL,CCCCCCCCCCCCCC,0
Q96GX5,TMMSWNAVEKLCAK,CCCCCCCCCCCCCC,0
P51587,VIKENNENKSKICQTK,CCCCCCCCCCCCCCCC,0
O95613,VIQQRLGGVLPDST,HHHHHCCCCCCCCC,0
Q99AM3,RRLPGEEYEVVQGINC,CCCCCCCEEEECCCCH,0
P42858,PQFMATVVYKVFQTLH,HHHHHHHHHHHHHHHH,0
O95613,HQLEALESPLCIQH,CCCCCCCCCCCCCC,0
P42345,IVLLGERAAKCRAYA,HHHHHHHHHHCCCHH,0
Q9H4D5,TFSDTSSNINSILELFP,CCCCCCCCCCCHHHHCC,1
O95613,ADFEEQLWKKDSLHQ,HHHHHHHHHHHHHHH,0
Q9NRA8,PMSPITAQMSQLELQQ,CCCCHHHHCCHHHHHH,1
Q06219,LPSKPKSPQDPSPPSP,CCCCCCCCCCCCCCCC,0
P42858,STEFVTHACSLIYCVHF,CHHHHHHHHHHHHHHHH,0
Q24167,LKPQSVVCVNYVIS,CCCCEEEEEEEEEC,0
P38398,GYRRGAKKLESSEENL,CCCCCCCCCCCCCCCC,0
Q9UQL6,EEAETVSAMALLSVGA,CHHHHHHHCCCCCCCH,1
P30309,IKGALNLHRQEEVT,CCCCEECCCHHHHH,0
P42345,QEESTRFYDQLNHHIF,HHHHHHHHHHHHHHHH,0
P97318,DCDDFDISQLNLTP,CCCCCCCCCCCCCC,1
Q9QUS1,QEPEYALMAAMALFSP,CHHHHHHHHHHHHCCC,0
P03409,PYKRIEELLYKISLTT,CHHHHHHHHHHHHHCC,1
Q8N720,RLQEILRKFLYLER,CHHHHHHCCCCCCC,1
O95613,LQLAELERNVALREAE,HHHHHHHHHHHHHHHH,0
P43487,NTDESNHDPQFEPIVS,CCCCCCCCCCCCCCEE,0
O95613,EIEQLHEVIEKLQH,HHHHHHHHHHHHHH,1
P42858,MVAEMVESLQSVLA,HHHHHHHHHHHHHH,1
P41152,WGEELQDLVDQLGFLX,CCCCHHHHHHHCCCC,1
O95613,QWRKWQRDKEKLRE,CCCHCHHHHHHHHH,0
Q05397,MELCTLGELRSFLQVRK,EEECCCCHHHHHHHHCC,1
P14340,KSGIQEVDRTLA,HCCCHHHHHHHH,0
Q14678,IRHSPLSSGISTPV,CCCCCCCCCCCCCC,0
P11142,NHFIAEFKRKHKKDI,HHHHHHHHHHHCCCC,0
O96013,NLHKVSPSLKGFLD,CCCCCCHHHHHHHH,1
P46934,FAELYGSNGPQSFTVEQ,HHHHCCCCCCCCEEEEE,0
Q9P286,RAALQLVVSPGDPREY,HHHHHHHCCCCCHHHH,0
P38483,DPRELRKETCLLYEINWG,CCCCCCCCEEEEEEEEEC,0
P78545,DGATLCNCALEELRLVF,CCHHHHHCCHHHHHHHH,1
P46108,AEYVRALFDFNGND,CEEEEECCCCCCCC,0
O15360,CLKFCTAAISYSLCKFS,HHHHHHHHHHHHHHHCC,0
Q99741,LSSVRKSQEITTNSEQ,CCCCCCCCCCCCCCCC,0
Q62985,PHPGAEEASGAPEVA,CCCCCCCCCCCCCCC,0
P25054,SYSEDDESKFCSYGQY,CCCCCCCCCCCCCCCC,0
P00520,HHSTVADGLITTLHYP,HHCCCCCCCCCEECCC,0
P46934,VPTHLAEELNARLTIFG,CCCCHHHHCCCCCCCCC,1
Q06219,QDLLFESAFLELFVLR,HHHHHHHHHHHHHHHH,1
P42345,LTDIGRYHPQALIYPLT,HHHHHHHCHHHHHHHHH,0
Q6UB99,AELEPEPSGEPKLDVA,CCCCCCCCCCCCCCCC,0
Q9Z207,MERHRARALGRDSK,CCCCCCCCCCCCCC,0
O95613,ECELAITDLESGRE,CCCCCCCCCCCCCC,0
Q9UDY8,FHGVYHSHPGNP,CCCCCCCCCCCC,0
Q06787,ESQKPELKAWQGMV,CCCCCCCCCCCCCE,0
Q62985,AELEEAIAPGTEAQG,CCCCCCCCCCCCCCC,0
O15457,AFTLFATHFLELCH,CEEEEECCCHHHHH,1
Q9JJG9,SCILNLLTEKEINTVL,HHHHHCCCHHHHHHHC,0
O95613,KAQVTGDVEASHDA,CCCCCCCCCCCCCC,0
Q13148,EIPSEDDGTVLLSTVT,EEECCCCCCEEHHHHH,0
P42345,AFVSCWSELNEDQQDE,HHHHHHCCCCHHHHHH,0
P42345,ALAQAYNPMARDLFNA,HHHHHCCHHHHHHHHH,0
O95613,IQEFEAALKAKEATI,HHHHHHHHHHHHHHH,0
P16110,RMKNLREISQLGISG,CCCCCCCCCEEEEEC,1
O00221,TAGWTWPALRTLSSLR,CCCCCCCCCCCCCCCC,0
P97318-2,QASSTSDPFGEPSGEP,CCCCCCCCCCCCCCCC,0
Q9W639,LRMSFVKGWGPDYP,EEEEEEECECCCCC,0
P42345,LAHQLASPGLTTLPE,CCCCCCCCCCCCCCC,0
Q7TN99,FSPQIGLAQTQHHQ,CCCCCCCCCCCCCC,0
P42858,PSLTNPPSLSPIRR,CCCCCCCCCCCCCC,0
O94916,PLQEQAQTLQQQISSNI,CCCCCCCCCHHCCCCCC,0
Q9BVS4,RSFEMTEFNQALEEIK,CCCCCCCCHHHHHHHC,1
Q96T21,TANAATNSPSCTRELSW,CCCCCCCCCCCCCCCCC,0
O95613,HGLELEALRLSLSNMH,CCCHHHHHHHHCCCCC,1
P03372,VSALLDAEPPILYS,HHHHHHHCCCCCCC,0
P03255,VMLAVQEGIDLLTFPP,HHHHHHHCCCCCCCCC,1
Q96EV8,VNVDMLEQMDLMDISD,CCCCHHHHHCCCCCCC,1
P42345,FSHDDTLDVPTQVELL,CCCCCCCCHHHHHHHH,0
Q8IXJ6,DMDFLRNLFSQTLSLGS,CHHHHHHHHHHHHCCCC,1
Q06219,YDLLTGSMEIIRGWA,HHHHHHHHHHHHHHH,0
P0C205,ANTPPSEMDTWNPPLGS,CCCCCCCCCCCCCCCCC,0
O95613,EMNINIRKKVAQLQ,HHHHHHHHHHHHHH,0
O00401,EDEDDEEDFEDDDEWE,CCCCCCCCCCCCCCCC,0
P14340,ELNHILSENEVKLTIM,HHHHHHHHCCCEEEEE,0
O43524,GTMNLNDGLTENLMDDL,CCCCCCCCCCCCCCCCC,1
O43524,SVSNMGLSESSSLGSAK,CCCCCCCCCCCCCCCCC,0
O00401,WSKKCSGVACLVKDNP,EECCEEEEEEEEEECC,0
O00401,TGFDLNNLDPELKNLF,CCCCCCCCCHHHHHHH,1
O95613,GDHPPEQRGMFTVSDHPP,CCCCCCCCCCCCCCCCCC,0
Q13490,MKYIPTEDVSGLSLEE,CCCCCCHHCCCCCHHH,0
Q9UMX3,EVCAVLLRLGDELEMIR,HHHHHHHHHHHHHHHHC,1
Q8N668,ESEFLCLEFDEVKVNQ,CCCCEEEEECHHHHHH,1
P33981,PLEMLEIALRNLNLQK,CHHHHHHHHHHHHHCC,1
O15360,IISRLQEMVADLELQQ,HHHHHHHHHHHHHCCC,1
Q9R207,RKLLLTEFRSLVVSNH,CCEEEEEEEEEEECCC,1
Q12824,TLLKASEVEEILDGND,EEEEHHHCCCCCCCCC,0
P25963,EYEQMVKELQEIRLEP,CCHHHHHHHHHCCCCC,1
O95613,QPEDCDGEKREDLEQLQ,CCCCCCCCCCCCCCCCC,0
P42345,QARDEKKKLRHASGAN,CCCCCCCCCCCCCCCC,0
O60716-18,VGLLDHPKKEVHLGAC,HHHCCCCCHHHHHHHH,0
O15350,LVDSYRQQQQLLQRPS,HHHHHHHCCCCCCCCC,0
Q01663,ESFDIDDLCSKLKNKA,CCCCHHHHHHHHHHHC,1
Q9BZB8,DANDLCLGLQSLSLTG,CCCCCCCCCCCCCCCC,1
O00255,LERYPMALGNLADLEE,CCCCHHHHHHHHHHHH,0
O94916,VKGEEEVFLIGKNFLKG,CCCCCEEEEEECCCCCC,0
Q05397,SGYPGSHGITAMAGSIY,CCCCCCCCCCCCCCCCC,0
Q7RTN6,VVTSFMAYGSAKDLIC,EEECCCCCCEHHHHHH,0
P13350,QEHPVPKNQLQLVGVT,HCCCCCHHHHHHHHHH,0
Q13547,GFCYVNDIVLAILE,CCCHHHHHHHHHHH,1
P50616,GCELDKEIKNSFNPEA,CCCCCCCCCCCCCCCC,0
Q16254,RIYDITNVLEGIGLIE,EEECCCCCCCCCCCEE,1
Q99MU3,RERLQMKRSTHSAPAP,HHHHCCCCCCCCCCCC,0
P03116,KRRKSGAKRRLFAENE,CCCCCCCCCCCCCCCC,0
Q9NYF0,QLQELDKQISDLRLDV,HHHHHHHHCCCCCCCC,1
Q02880,YILNMSLWSLTKEKVE,HHCCCCCCCCCHHHHH,0
O95613,IENLQENQKRLQKEKAE,HHHHHHHHHHHHHHHHH,0
Q13547,MAQTQGTRRKVCYYYDG,CCCCCCCCCCEEEEECC,0
Q04584,EVEELELLTQKLMK,HHHHHHHHHHHHHH,1
Q06219,CTQGLQRIFYLKLED,HHHHHHHHHHHHHCC,1
O00255,YLAGYHCRNRNVRE,HHHHHHHHCCCHHH,0
P35869,GIDFEDIRHMQNEK,CCCCCCCCCCCCCC,0
P11388,TVLDILRDFFELRLKY,CHHHHHHHHHHHHHHH,1
P54824,PGGGGTQTQQIN,CCCCCCCCCCCC,0
P97318-2,PVPSRKPDQPSLTCTS,CCCCCCCCCCCCCCCC,0
P03409,LLYKISLTTGALIILPE,HHHHHHHCCCCEEEECC,1
Q04377,KINFLNIEREKEKNIQ,HCCCCCCCCCCCCCCC,0
O95613,LQQTVRDLESKDEV,HHHHHHHHCCCCCC,0
Q8N668,IHTPVAIIELELGK,CCCCEEEEEEEECC,1
P38483,YVLELYCIILGLPPCL,HHHHHHHHHCCCCCCC,1
Q15797,PSNNKNRFCLGLLS,CCCCCCCEEEEECC,0
Q16236,QLSTLYLEVFSMLR,HHHHHHHHHHHHCC,1
Q04584,VSINISTPSFYNPQ,CCCCCCCCCCCCCC,0
P02554,GDSDLQLERINVYY,CCCCCCCCCEEEEE,1
O15360,LSSLLEFAQYLLAHSMF,HHHHHHHHHHHHHCCCC,0
Q9UMX3,VLLRLGDELEMIRPSVYR,HHHHHHHHHHHHCHHHHH,1
O54943,SVQELTEQIHRLLMQP,HHHHHHHHHHHHHCCC,1
P61925,NELALKLAGLDINK,HHHHHHHHCCCCCC,1
Q9Z207,SESMIQNLIKHLPD,CHHHHHHHHHHCCC,0
P03243,QVAELYPELRRILT,CCCCCCHHHHCCEE,1
P35869,FQGKLKYLHGQKKK,EEEEEEEEEEEEEC,0
Q16236-2,SIPELQCLNIEN,CCCCCCCCCCCC,1
P40957,LGFKLEFQQDSRVK,HCCEEEECCCCCEE,0
Q09137,QVISTPTDFFMVMEYV,EEECCCCEEEEEEECC,0
P22363,EVDNLPEDMKRLHLDD,CCCCCHHHCCCCCCCC,1
O00255,DSLELLQLQQKLLWLL,CCHHHHHHHHHHHHHH,1
O95613,QKTELMKQEFQRKE,HHHHHHHHHHHHHH,0
O15457,NLIYLKHTLELVDP,HHHHHHHHHHHHHH,1
P42858,GVPAFLTPLLRNIIISL,CCCCCHHHHHHHHHHHH,1
Q9URY2,ERQQLIQMSEDLVIAM,HHHHHHHHHHHHHHHH,1
P11388,SDLEADDVKGSVPLSSS,CCCCCCCCCCCCCCCCC,0
O43707,TLGMIWTIILRFAIQD,HHHHHHHHHHHHCCCC,1
Q01354,LDLMRPVQNGGFRAA,CCCCCCCCCCCCCCC,0
P42345,LVGLLGYSSHQGLMG,CCCCCCCCCCCCCCC,0
O95613,NIVKGLEQDKEVLK,HHHHHHHHHHHHHH,0
O95613,GKTQEVPTACPDWR,CCCCCCCCCCCCCH,0
P42224,TFSLFQQLIQSSFVVER,HHHHHHHHHCCEEEEEE,1
P42345,GMLVSFVKSHIRPYMD,HHHHHHCHHHHHHHHH,0
Q14678,TSTDLEQVHQFTNT,CCCCCCECCECCCC,0
Q9WVH5,MMNPSSHTHPGHAQQT,CCCCCCCCCCCCCCCC,0
O15360,RLADLKVSIENMGLYE,HHHHHHHCCCCCCCCC,1
Q86TB9,HEENLAERLSKMVIEN,CCCHHHHHHHHCCCCC,1
Q61699,LVWQLGRDLLNMYIET,ECCCCCHHHHHHHHHH,1
Q8BMI0,KIQTLHLVGVNVPE,CEEEEEEECCCCCC,1
Q14140,IEELCPTSTSTEAA,CCCCCCCCCCCCCC,0
P11484,PSFVAFTPEERLIGDA,EEEEEECCCCEEECCH,0
Q06219,QDLLFESAFLELFVLRL,HHHHHHHHHHHHHHHHH,1
P40957,NINNNNRTKNNIRN,CCCCCCCCCCCCCC,0
P51587,IEVCSTYSKDSENYFE,CCCCCCCCCCCCCCCH,0
O15360,SERLRAVLGHNEDDSS,HHHHHHHHCCCCCCCC,0
P30740,ANRLYGEKTYNFLPEF,EEEEEEECCCCCCHHH,0
Q16254,PPGDHDYIYNLDES,CCCCCCCCCCCCCC,0
O15457,TVNAAESKITNLIYLKH,CCHHCCCCHHHHHHHHH,1
P42345,RDDRIHGALLILNELV,HHHHHHHHHHHHHHHH,0
Q93052,EIDSLTSILADLEC,CCCCCCCCCCCCCC,1
Q14653,VMSYVRHVLSCLGGGLA,HHHHHHHHHHHCCCCEE,0
Q15797,SQPMDTNMMAPPLP,CCCCCCCCCCCCCC,0
Q9WVH5,NPENMENLLDNLNLLS,CCCCCHHCCCCCCCCC,1
P42345,QIWWERLQGCQRIVED,HHHHHHHHCCCCCHHH,0
P42858,KGKEKEPGEQASVP,CCCCCCCCCCCCCC,0
P42345,DPDPDPNPGVINNVLA,CCCCCCCHHHHHHHHH,0
P30309,LLSGPLLNQDIEVSNVN,CCCCCCCCCCCCCCCCC,0
Q96GX5,SKVTLNRDINMMDILT,CCCCCCCCCCCCCCCC,1
O00401,GTPSNFQHIGHVGW,CCCCCCCCCCCCCE,0
P46934,TELDLRFIIDEELFGQT,HHCCCEEEEECCCCCCE,0
Q18PE1,SPGNSAARDSGGQTSAG,CCCCCCCCCCCCCCCCC,0
O43524,NFDSLISTQNVVGLNV,CCCCCCCCCCCCCCCC,0
O14746,LQLPFHQQVWKNPTFFL,HCCCCCHHHHCCCHHHH,0
P42858,LAASAPKSLRSSWASE,HHHHCCCCCCCCCCCC,0
Q6UB99,KRKKETKGREVRFGKR,CCCCCCCCCCCCCCCC,0
P97318-2,ISYIAKDITDHRAF,CEEEEECCCCCCEE,0
P42858,YITAACEMVAEMVE,HHHHHHHHHHHHHH,1
O95613,HVKEDCALQLMLARS,HHHHHHHHHHHHHHH,0
O35973,VLLFLHPEDRPLMLAI,HHHHECHHHHHHHHHH,0
Q68SB1,KAGPEYGQGMNPISRLA,CCCCCCCCCCCHHHHHH,0
O60729,VTTIIRLNKRMYDAKR,ECEEEEECCCCCCHHH,0
O14746,VCAREKPQGSVAAPEEE,CCCCCCCCCCCCCCCCC,0
P24097,RLSGLDRRIQQLED,HHHHHHHHHHHHHH,1
Q14653,EELLPNSGHGPDGEVP,CCCCCCCCCCCCCCCC,0
O96018,SLQELVQQFEALPG,HHHHHHHHHHCCCC,1
Q14457,TFHIWHSGQFGTINNF,EEEEEECCCCEEEECE,0
Q13547,RVKTEDEKEKDPEE,CCCCCCCCCCCCCC,0
Q24167,KASVMRITIAFLKIRE,HHHHHHHHHHHHHHHH,1
O95613,DPEHSLTEYIHHLE,CCCCCHHHHHHHHH,0
P30309,EVVDSQFSPTPENK,CCCCCCCCCCCCCC,0
P03409,LLYKISLTTGALIILP,HHHHHHHCCCCEEEEC,1
P38398,LTPEEFMLVYKFARKHH,CCHHHHHHHHHHHHHCC,0
P42858,VEDEHSTLLILGVL,CCCCCCHHHHHHHH,0
O00401,LWEQELYNNFVYNSPR,EEEEECCCCCEEECCC,0
O95613,LRADFEEQLWKKDSLHQ,HHHHHHHHHHHHHHHHH,0
Q91UL8,GEKTTQRDLTELEISS,CCCCCCCCCHHHHHHH,1
Q9Z2A0,IPSGVSRQGSTMDGTT,CCCCCCCCCCCCCCCC,0
Q16254,IPEGLNGQKKYQIH,CCCCCCCCCCEEEE,0
Q9YZN9,AVRVSANHASQQLDQL,CCCCCCCHHHHHHHHH,0
O95613,AAIEKLREDLQSEH,HHHHHHHHHHHHHH,0
P40957,HASNKNVNEDMNNL,CCCCCCCCCCCCCC,0
Q00987,KSDSISLSFDESLALCV,CCCCCCCCCCHHHHHHH,1
Q9P286,EGSTGIVCIATEKHTG,ECCCCEEEEEEECCCC,0
O95613,ALHEKEETLRLQSA,CCCCCCCCCCCCCC,0
P42858,FLSNQQPYPQFMATVVY,HHCCCCCCHHHHHHHHH,0
Q04206,PEAITRLVTGAQRPPD,CCCCCCCCCCCCCCCC,0
Q14653,QEDILDELLGNMVLAP,CCCHHHHHHCCCCCCC,1
O95613,IENRNLYGKLQHETRL,HHHHHHHHHHHHHHHH,0
Q9NRA8,RERDFKDKRFRREFGD,CCCCCCCCCCCCCCCC,0
P60010,APSSMKVKIIAPPERK,CCCCCCEEEECCCCHH,0
Q9QUS1,VHVGFQYEFLELIIHF,HHCCCHHHHHHHHHHH,1
P42345,QARDEKKKLRHASGAN,CCCCCCCCCCCCCCCC,0
P36328,LITAEDIQEAKCAADE,CCCHHHHHHHHHHHHH,0
P97318-2,DCDDFDISQLNLTP,CCCCCCCCCCCCCC,1
P25054,SSTSPVSKKGPPLKTP,CCCCCCCCCCCCCCCC,0
P42345,IQDGLLKMLSLVLMHK,HHHHHHHHHHHHHCCC,1
P25054,NYSIKYNEEKRHVDQP,CCCCCCCCCCCCCCCC,0
O54992,ANMRIQDLKVSLKPLH,HHHHHHHHHHCCCCCC,1
Q13148,EDLIIKGISVHISNAE,CCEEECCEEEEEEECC,1
Q02880,QELGQNQYAVSGEIFV,EECCCCEEEEECEEEE,0
Q24167,ITIAFLKIREMLQFVP,HHHHHHHHHHHHCCCC,1
P42227,LYPDIPKEEAFGKY,CCCCCCHHHHHHHH,0
O00255,LQLTAQSQVQMKKQKV,CCCCCCCCCCCCCCCC,0
Q05116,NLEALQKKLEELELDE,CHHHHHHHHHHCCCCH,1
Q05397,MPSTRDYEIQRERIELG,CCCCCCEEEEHHHEEEE,0
P56524,ALAHRNLNHCISSDPRY,CCCCCCCCCCCCCCCCC,0
Q24167,SVPPGLTACDTDASSD,CCCCCCCCCCCCCCCC,0
P36328,CIIPEYDAYLDMVDGA,ECCCHHHHHHHHHCCC,0
P15336,DLSSLNGQLQSEVTLLR,HHHHHHHHHHHHHHHHH,1
Q9URY2,RGKYTQEEVDKLIQ,CCCCCHHHHHHHHH,0
O95613,ASAHLLESSWSDDS,CCCCCCCCCCCCCC,0
P10188,DTIYITATIYGSPPEE,CCEEEEEEEECCCCCC,0
Q9NYF0,SGAASDLQSKHLPKTA,CCCCCCCCCCCCCCCC,0
Q06219,ESAFLELFVLRLAY,HHHHHHHHHHHHHH,1
Q16236-2,SVASPEHSVESSSYGD,CCCCCCCCCCCCCCCC,0
Q62985,GERWTHRFERLRLSR,CCCCHHHHHHHCCCC,1
P40957,MNDKLRLDNNNLKL,HHHHHHHHHHHHHH,0
O60729,AFSKLLSGVDDISING,CCCCCCCCCCCCCCCC,1
P42345,WFDRRTNYTRSLAVMS,HHHHHHHHHHHHHHHH,0
Q18PE1,EERVAQEALETLQLEK,HHHHHHHHHHHHHHCC,1
Q9Y3I1,QALNLPDVFGLVVLPL,HHCCCCCCCCCCCCCH,1
P42224,VRQQLKKLEELEQKYT,HHHHHHHHHHHHHHCC,0
O95613,MDEQAAEREHEREEFQ,HHHHHHHHHHHHHHHH,0
P31749,TRYFDEEFTAQMIT,HHHCCHHHCCCCCC,0
P42858,ACSLIYCVHFILEA,HHHHHHHHHHHHHH,0
ABC40399.1,AIQDLCMAVEEVSLRK,HHHHHHHHHHHHHCCC,1
P31749,EKATGRYYAMKILK,ECCCCCEEEEEEEC,0
P41152,SWSTTRNSFIVWDS,EECCCCCCEEEECH,0
P11388,PAKTKNRRKRKPSTSD,CCCCCCCCCCCCCCCC,0
O95613,AEAVTALEQQVASL,HHHHHHHHHHHHHH,0
P51587,ETIKKVKDIFTDSFSK,HHHHHHHHHHCCCCCC,0
Q0PLR1,ESSALLYCLMVMYLNP,CCHHHHHHHHHHHCCC,1
Q99AM3,EQFDMVPLVIKLRLRS,CCCCCCCEEEEEEEEE,1
P46108,VRALFDFNGNDEEDLPF,EEECCCCCCCCCCCCCC,0
P42345,EVKRALEWLGADRNE,HHHHHHHHHCCCCCH,0
Q9UDY8,TIPILDALKVTA,CCCCCCCCCCCC,1
P56524,DGPVVTALKKRPLDVT,CCCCCCCCCCCCCCCC,0
P42858,TERTQINVLAVQAI,HHHHHHHHHHHHHH,0
Q06219,YQMSGDDTQHIQQFYDL,CCCCCCCHHHHHHHHHH,0
Q7RTN6,SEKFIVEGLRDLELFG,HHHHHHHCCCCCCCCC,1
Q9BRK4,GSLTQLFGGPASSSSS,CCCCCCCCCCCCCCCC,0
P54824,SGAYLIPLLERLDLKK,CHHHHHHHHHHCCCCC,1
Q9Z0Z7,HLSVPSQQGHLYQL,CCCCCCCCCCCCCC,0
P38398,LGSDDSHDGESESNAK,CCCCCCCCCCCCCCCC,0
O43196,WFTRPTHDLGELSSRL,HHCCCCCCHHHHHHHH,0
Q9Z2A0,RDLVEKLLVLDATKRL,HHHHHHHCCCCHHHCC,0
Q01354,SLEELCAARRLSLAT,CHHHHHHHHCCCCCC,1
P42858,FHVGDWMGTIRTLTGN,CCCCCCCCCCCCCCCC,0
Q06219,VTERHGLKEPKRVEE,HHHHCCCCCHHHHHH,0
P06748,GFEITPPVVLRLKC,CCEECCCEEEEEEE,1
P42224,YLAQWLEKQDWEHAAN,HHHHHHHCCCHHHHHH,0
Q9URY2,ILTPKNPSLFSSSNAA,CCCCCCCCCCCCCCCC,0
Q8VIP2,ILTDPSLVPEQATRAV,HCCCCCCCHHHHHHHH,0
Q9Y572,CLPKTDEVFQMVEN,HHHHHHHHHHHHHH,1
P38936,MSEPAGDVRQNPCGSK,CCCCCCCCCCCCCCCC,0
O95613,LREKLDEFNELAIQK,HHHHHHHHHHHHHHH,1
P42858,PAVAEEPLHRPKKE,CCCCCCCCCCCCCC,0
Q9Y3I1,SSTHTIPFYPNPLHPR,CCCCCCCCCCCCCCCC,0
Q24167,SVMRITIAFLKIRE,HHHHHHHHHHHHHH,1
Q9BZL6,GEMLFGLVRQGLKCDG,HHHHHHHHHCCCCCCC,1
O95613,ADLGALETRHLSSLDSLE,HHHHHHHHHHHHHHHHHH,0
Q68SB1-2,PSPTSSAPAARELLMNG,CCCCCCCCCCCCCCCCC,0
Q62985,PELPPRIPIEEGPPA,CCCCCCCCCCCCCCC,0
O54992,QLANMRIQDLKVSL,HHHHHHHHHHHHCC,1
Q14872,KAHQRLHTGKTFNC,HHHHHHHCCCCCEC,0
P42345,KGNKRSRTRTDSYS,CCCCCCCCCCCCCC,0
P23528,VSDGVIKVFNDMKVRK,CCHHHHHHHHHHCCCC,1
O42250,RSKGFAITDLLGLES,CCCCCCHHHCCCCCC,1
Q06787,EVDQLRLERLQIDE,HHHHHHHHHHHHHH,1
P25054,VPMGSFPRRGFVNGSR,CCCCCCCCCCCCCCCC,0
P42858,GVLVTQPLVMEQEESPP,CCCCCCCCCCCCCCCCC,0
Q9BZB8,NANIFRRINAILDN,CCCCCCCCCCCCCC,0
Q9WVH5,LPNQSFPHSVKTTTHS,CCCCCCCCCCCCCCCC,0
P42858,LLMCLIHIFKSGMF,HHHHHHHHHHCCHH,0
P17861,SPWILAVLTLQIQS,HHHHHHHHHHHHHH,1
Q8NFU5,LSHQVAGHMYGKDKVG,CCCCCCCCCCCCCCCC,0
Q9R207,PRKLLLTEFRSLVVSN,CCCEEEEEEEEEEECC,1
P38483,IILGLPPCLNILRR,HHCCCCCCCCCCCC,1
O00221,AQVDARMLNGCTPL,CCCCCCCCCCCCHH,0
Q91YD9,DLNNLDPELKNLFD,CCCCCCHHHHHHHH,1
Q68SB1-2,PKDMNQPSSSFFSVESP,CCCCCCCCCCCCCCCCC,0
P42224,PSGWASILWYNMLVAE,CHHHEEEEEEHCCCCC,0
Q62985,LSFMGAEEAAPDPAG,EEEECCCCCCCCCCC,0
P16727,SPPDLTLSSLTLYQ,CCCCCEEEEEEEEE,1
P42858,MITTHPALVLLWCQILL,HHHCCHHHHHHHHHHHH,0
Q04360,DKTVTLHRSPLCRDED,CCCCCCCCCCCCCCCC,0
P0C796,HEKDIRQNAVALLDQS,CHHHHHHHHHHHHHHH,0
O00311,VPDEAYDLLDKLLDLNP,CCCHHHHHHHHHCCCCC,1
Q7TN99,NLHSLENSLMDMIR,CCCCCCCCCCCCCC,1
P42345,QDGLLKMLSLVLMH,HHHHHHHHHHHHCC,1
P97318-2,PLATVPGTNDSARS,CCCCCCCCCCCCCC,0
O15392,KVRRAIEQLAAMDX,HHHHHHHHHHCCC,1
Q96EV8,DTWAALHRRAKDCASAG,HHHHHHHHHHHHHHHHH,0
Q9R1A8,EFQECLSKFTRYNS,HHHHHCCCCCCCCC,0
O96018,QEVPGPCDHEDLLD,CCCCCCCCCCHCCC,0
P42345,PLRDDNGIVLLGER,CCCCCCHHHHHHHH,0
P42858,SLLVVSDLFTERNQ,HHHHHHHHCCHHHH,0
O14746,EQSSSLNEASSGLFDVF,EECCCCCCCCCCHHHHH,0
Q9UNH5,SKTQNMERFGEDNLED,CCCCCCCCCCCCCCCC,0
P00520,AVVLLYMATQISSAME,HHHHHHHHHHHHHHHH,0
Q6UB99,ENEDTKFSLSDDQRDR,CCCCCCCCCCCCCCCC,0
O15350,CQIAKTCPIQIKVSTP,EECCCEEEEEEEECCC,0
P10688,ASFSESRALRLLQESG,CCCCHHHHHHHHHHCC,0
P03409,FQTKAYHPSFLLSHGL,CCCCCCCCHHHHHCCC,0
P42345,LICRIVKGYTLADE,HHHHHHCCCCCCCC,0
P46934,IGRVAGMAVYHGKLLDG,HHHHHHHHHHHCCCCCC,0
Q9Z207,SVPEVEALLARLRA,CHHHHHHHHHHHHC,1
Q63450,NATAVVRHMRKLQLGT,HHHHHHHHHHHHHCCC,1
Q18PE1,EALETLQLEKRLSLLS,HHHHHHHHCCCCCCCC,1
P42858,HAIPALQPIVHDLFVLR,HHHHHHHHHHHHHHHCC,0
O15360,RAALSLWTHRTFREVLK,HHHHHHHHCHHHHHHHH,0
O15360,ENSDLVFGGRTGNE,CCCCCCCCCCCCCH,0
P12004,ILKKVLEALKDLIN,HHHHHHHHHHHHHC,1
O00255,DLVLLSLVLGFVEH,CHHHHHHHHHHHHH,1
Q14678,TGSNTEESVNDLTLLK,CCCCCCEEECCCCHHC,1
Q96EV8,HAQKVLEMEHTQQMKLK,HHHHHHHHHHHHHHHHH,0
P42345,YCVLASLDERFDAHLA,HHHHHHHHHCCCHHHH,0
Q14678,ENMNDIVVYHRGSR,CCCCCEEEEECCCC,0
P38398,ACEFSETDVTNTEHHQ,CCCCCCCCCCCCCCCC,0
P39940,YRGYQESDEVIQWFWK,CCCCCCCCHHHHHHHH,0
Q05397,GVCMWEILMHGVKPFQG,HHHHHHHHHCCCCCCCC,0
P42227,EPYTKQQLNNMSFA,CCCCCHHHCCCCHH,0
Q00653,APSRTPQCEPQAPEML,CCCCCCCCCCCCHHHH,0
Q75R42,RLRIFVSRLYFCDLED,EEEEEEECCCCCCCCC,0
Q8N720,RLERLQEILRKFLYLER,CCCCHHHHHHCCCCCCC,1
Q9W639,VKDEYGHDYAEGQQ,CCCCCCCCCCCCCC,0
Q9LMK7,TGEEDEDAVLDLKSKL,CCCCCCEEEEEEEEEE,0
Q9UMX3,VLLRLGDELEMIRP,HHHHHHHHHHHHCH,1
P11142,YSCVGVFQHGKVEII,CEEEEEEECCEEEEE,0
A7YB12,RTPLHLAKSKLNILQE,CCHHHHHHHHHHHHCC,0
Q95168,MSLTDARKLIEKSRGK,CCHHHHHHHHHHCCCE,0
O95613,RRSAEARQSPAAAE,CCCCCCCCCCCCCC,0
Q6UB99,KPSPSPRAELLVPSLE,CCCCCCCCCCCCCCCC,0
P29067,TLQPGPEDTGKACGVD,EECCCCCCCCCCCCEE,0
O54992,LALQHCHLLNIAHR,HHHHHHHHCCEECC,0
P42224,KQEQLLLKKMYLML,HHHHHHHHHHHHHH,1
O15360,PDMHAVGSWLFRNLCCL,CCHHHHHHHHHHHHHHH,0
O95613,MEVEQEQRRRKVEA,CCCCCCCCCCCCCC,0
Q9HCN4,PANIDIRDTVKYKEVM,CCCEEHHHHCCHHHHH,0
Q9Y3I1,VVLPLELKLRIFRLLD,CCCCHHHHHHHHCCCC,1
Q14140,FEITTSTGFLTDLTLDD,CCCCCCCCCCCCCCCCC,1
Q9UNH5,SINKILSGLDDMSIGG,CCCCCCCCCCCCCCCC,1
O00255,SSRELVKKVSDVIWNS,CHHHHHHHHHHHHHHH,0
P11142,QKELEKVCNPIITKL,HHHHHHHHHHHHHHH,0
P59636,VPPALHLVDPQIQLTIT,CCCCCCCCCHHHHHHHH,0
Q8VIP2,IDPTLTRLFECLSLAY,CCHHHHHHHHHHCEEC,1
P39723,KMKQNEKVLTKELETQ,HHHHHHHHHHHHHHHH,0
Q9UDY8,DVYELTNLLRQLDFKV,HHHHHHHHHHHCCCEE,1
Q06219,MTSLDYSRFQANPDY,CCCCCHHHCCCCCCC,0
P25054,RSPTGNTPPVIDSVSE,CCCCCCCCCCCCCCCC,0
P42345,WKSARKIDAFQHMQHF,HHCCCHHHHHHHHHHH,0
Q9R1A8,LSKTLLTFKFDTVK,CCCEEEEEECCCCH,0
O96018,SLQELVQQFEALPGDLVG,HHHHHHHHHHCCCCCCCC,1
Q7TN99,VGVPSPLNPISPLKKP,CCCCCCCCCCCCCCCC,0
Q9JJG9,YMVNLLDLPDALLPDL,EEEEECCCCCCCCCCC,1
O15350,ILMKLKESLELMELVP,HHHHHHHHHHHHHCCC,1
P16727,EANDESQTAPATLQEE,CCCCCCCCCCCCCCCC,0
Q05397,VQTNHYQVSGYPGSHGI,CCCCCCCCCCCCCCCCC,0
P14635,TMLDYDMVHFPPSQ,HHCCHHHCCCCHHH,0
P42858,LLQLVGILLEDIVT,HHHHHHHHHHHHHH,0
Q9BZB8,SSRGLPDANDLCLGL,CCCCCCCCCCCCCCC,1
P42345,QQVQPFFDNIFVAVWDP,HHHHHHHHHHHHHHHCC,0
Q9BY84,LSTSQQHLTKSAGLGL,CCCCCCCCCCCCCCCC,0
Q99AM3,GVEVFYFGRPAMSLEV,CEEEEECCCCCCCHHH,0
Q9JJG9,PGPALVLYMVNLLDLPD,CCCCEEEEEEEECCCCC,1
P35869,LFAIATPLQPPSILEI,EEEEEEECCCCCCCCC,0
P39940,WEMRLTNTARVYFVDH,CEEEECCCCCEEEEEC,0
P08353,PNSEPAVRSAPAAAPPP,CCCCCCCCCCCCCCCCC,0
Q14678,TLLKTNLNLKEVRS,CHHCCCCCCCCEEE,1
Q04360,TFVTLPSPLASLTLEP,CCCCCCCCCCCCCCCC,1
O00401,LLGRRQRKSEKRRDPP,HCCCCCCCCCCCCCCC,0
Q9UGR2,FGPELDTLLDSLSLVQ,CCCCHHHHHHHCCCCC,1
P42345,MDMLQDSSLLAKRQVA,HHHHCCCCCHHHHHHH,0
Q06219,SFQVQHSPMWDDPG,CCCCCCCCCCCCCC,0
Q99653,SFTEFVKVLEKVDVEQ,CHHHHHHHHCCCCCCC,1
O75398,SWLYLEEMVNSLLNTA,HHHHHHHHHHHHHHHH,1
Q0PLR1,HCWFGGKEFDLDSA,HHHHCCCCCCHHHH,0
P42858,PGLYHYCFMAPYTH,CCCCCCCCCHHHHH,0
Q12824,VIIKLNIHVGNISLVD,EEEEEEEEECCEEEEE,1
Q8N668,KVNQILKTLSEVEE,HHHHHHHHHHHHHH,1
P36328,RQFKFSRVCKPKSSHE,HCCCEEEEECCCCCCC,0
P27987,GGWRSGRRRLNSSSGS,CCCCCCCCCCCCCCCC,0
P55265,GVDCLSSHFQELSIYQ,CCCCCCCCCCCCCCCC,1
P42858,RSRSGSIVELIAGG,CCCCCCCCCCCCCC,0
Q02880,GRARKEVKYFAESDEE,CCCCCCCCCCCCCCCC,0
P38398,LVEELLKIICAFQLDT,HHHHHHHHHHHHCCCC,1
O15360,QLFVAGDTSTVSPP,HHHHCCCCCCCCCC,0
O95613,KIFQDKNQAERALR,HHHHHHHHHHHHHH,0
P00520,VGCKSKKGLSSSSSCY,CCCCCCCCCCCCCCCC,0
O95613,ECELAITDLESGRED,CCCCCCCCCCCCCCC,0
P42224,EYDFKCKTLQNREHET,HHHHHHHHCCCCCCCC,0
P34078,VLEALEDEAYVVND,HHHHHHHCCCCCCC,1
P60010,IVRDIKEKLCYVALDF,HHHHCCCCCEEEECCH,1
Q18PE1,VEERVAQEALETLQLEK,HHHHHHHHHHHHHHHCC,1
P10188,TADLLVEVLREIQLSP,CCHHHHHHHHHHCCCC,1
Q04377,ILNRLKLDYITEFKFK,HHHHHHCCHHHCCCCC,0
O15360,KRKISWLALFQLTESD,CCCCCHHHHHHCCHHH,0
P61023,ELLQVLRMMVGVNISD,HHHHHHHHHHCCCCCH,1
Q9P286,GPAKLPQSQSKSGYSS,CCCCCCCCCCCCCCCC,0
Q95168,GLIPNKSRAEQMASVQ,CEEECHHHHHHHHHHH,0
Q24167,GITKIDTLGQQIWE,CCCHHHHCCCCHHH,0
O60729,YLDITDRLCFAILYSR,EEEECCCEEEEECCCC,0
Q9GZX7,EVDDLRDAFRTLGLXX,CCCCHHHHCCCCCC,1
P42858,ATCKAAAVLGMDKA,HHHHHHHHCCCCHH,0
P42858,VPAFLTPLLRNIIISL,CCCCHHHHHHHHHHHH,1
Q5EBH1,VCKAVEETQHPPTI,CCCCCCCCCCCCCH,0
P11388,RHRIQFKYSGPEDDAA,HCCECCCCCCCCCHHH,0
Q13485,DYPRQSIKETPCWI,CCCCCCHHHCCEEE,0
P35869,PSEARPFPDLTSSGFL,CCCCCCCCCCCCCCCC,0
P42858,SPQMSGEEEDSDLA,CCCCCCCCCCCCHH,0
Q02880,GVSVKPFQVKNHIWVF,CCCCCCCEECCCEEEE,0
Q9BYM8,GGCRCRVNGIPCHPS,CCCCCCCCCCECCCC,0
Q16236-2,EKEKLLKEKGENDK,HHHHHHHHHHHHHH,0
P42858,PSIIYHCALRGLER,CHHHHHHHHHHHHH,0
P56524,YDAKDDFPLRKTASEP,CCCCCCCCEEEECCCH,0
P46934,NSCKTRDDFLGQVDVPL,CCCCCCCEEEEEEEEEC,0
P42345,YEKLHEWEDALVAYD,HHHCCCHHHHHHHHH,0
O95613,LLGLFGETLRAAVTLRS,HHHHHHHHHHHHHHHHH,1
O95613,QEVDRKGALAQGKAPR,HCCCCCCCCCCCCCCC,0
P42858,VDRLLCTPFRVLARMVD,HHHHHCCHHHHHHHHHH,0
O15360,SPPAGRSLELKGQGNP,CCCCCCCCCCCCCCCH,0
O15360,LSPGLIKKFQFLMFRL,CCHHHHHHHHHHHHHH,1
P09592,KKKKNQGKKKAKTGPP,CCCCCCCCCCCCCCCC,0
P42858,PERRTNTPKAISEEEE,CCCCCCCCCCCCCCCC,0
P14635,AEEDLCQAFSDVILAV,CHHHHHHHHHHCCCCC,1
O95613,VIEKLQHELSLMGP,HHHHHHHHHHCCCC,1
Q9R1A8,DLANVNLMLELLVQ,CHHHHHHHHHHHHH,1
O08560,TVGWILSTLDQLRLKP,CEEEECCHHHHCCCCC,1
P78545,RGTHLWEFIRDILIHP,CCCCHHHHHHHHHCCC,1
Q9UDY8,LAELAGSRGRLRLSCL,HHHHHCCCCCCCCCCC,0
P03116,QNIELITFINALKLWL,CCCCHHHHHHHHHHHH,1
Q95168,ILKPSTPVPSPESEEV,CCCCCCCCCCCCCCCC,0
Q8VIP2,SSLQLPSEDAYVGNADM,CCCCCCCCCCCCCCCCC,0
Q9URY2,EDLVIAMDQLNLEQ,HHHHHHHHHHHHHH,1
Q95168,GGAYTDNELDEPAEEP,CCCCCCCCCCCCCCCC,0
Q9UQL6,MQQQHQQFLEKQKQQQ,HHHHHHHHHHHHHHHC,0
Q00653,VEDKEEVQRKRRKALP,CCCCCCCCCCCCCCCC,0
Q9Y572,VCNRQNRPSLAELPQA,HHHCCCCCCHHHCCCC,0
Q13043,HDDTLPSQLGTMVINA,CCCCCCCCCCCEEECC,1
O15360,RVAPDQHTRLLPFAFYS,HCCHHHHHHHHHHHHHH,0
P24385,IIRKHAQTFVALCATD,HHHHHHHHHHHHHHCC,0
Q9Z0Z7,PVNSPTLPPVRYNRRS,CCCCCCCCCCCCCCCC,0
Q13547,DTEIPNELPYNDYFEYF,CCCCCCCCCCCHHHHHH,0
Q68SB1,XMLQINQMFSVQLSLGE,CCCCCCEEEEEEEECCE,1
Q16236-2,SLHLLKKQLSTLYLEV,HHHHHHHHHHHHHHHH,1
O43196,LLTVRALGGLLKFLGR,HHHHHHHHHHHHHHHH,0
P42345,NGHEFVFLLKGHEDL,CCCEEEEEEECCCCC,0
Q96RS0,DHSEILDGISNIKLNS,CCCCCCCCCCCCCCCH,1
O95613,LQEKLNRLLYSMTFQNV,HHHHHHHHHCCCCCCCC,0
Q9LMK7,QWKERGAGTVKFLKHK,CEEEEEEEEEEEEEEC,0
Q05397,KKQMLTAAHALAVDAKN,HHHHHHHHHHHHHHHHH,0
P53686,QLLEIVHDLENLSLDQ,HHHHHHCCCCCCCCCC,1
Q9HC62,QHQMPLFRKKMVWEILH,HHHHHHHHHHHHHHHHC,0
P03409,QRTSKTLKVLTPPITH,CCCCCCEEECCCCCCC,0
Q9Y3I1,VRVQDTDWKELY,CCCCCCCHHHHH,0
Q9Z207,EVEALLARLRALXX,HHHHHHHHHHCC,1
Q5EBH1,SIPELQNFLTILEK,CHHHHHHHHHHHHH,1
O75398,GPDEAAAAAAFAEV,CCCCCCCCCCCCCC,0
P56524,EAETVTAMASLSVGVKP,HHHHHHHCCCCCCCCCC,1
P42858,ALSCVGAAVALHPE,HHHHHHHHHHHCHH,0
Q02880,PKPKRAPKQKKVVEAV,CCCCCCCCCCCCCCCC,0
Q13547,GFCYVNDIVLAILELLK,CCCHHHHHHHHHHHHHH,1
Q95168,MSLTDARKLIEKSRGK,CCHHHHHHHHHHCCCE,0
P42345,VRHCADHFLNSEHKE,HHHHHHHHHCCCCHH,0
P09592,QVQELTRSMANLTFKQ,HHHHHHHHHHHHHCCC,1
Q7RTN6,ILISVDGKVYLSGLRS,EEECCCCCEEECCHHH,0
P97318,VILDLRDLFQLIYELK,HHHHHHHHHHHHHHHH,1
Q6UB99,IQQTLAAIVDAIKLDA,HCCHHHHHHCCCCCCC,1
Q7TN99,DTFNLHSLENSLMDMI,CCCCCCCCCCCCCCCC,1
P04807,LGEILRLALMDMYK,HHHHHHHHHHHHHH,1
O00255,DPLTLYHKGIASAKTY,CHHHHHHHHHHHHHHH,0
P05865,QLPPLERLTLDC,CCCCCCCCCCCC,1
Q9Z207,REAKINELQAELQA,HHHHHHHHHHHHHH,0
O96018,DSQEAMMDHALHTI,CCCCEEECCCCCEE,0
O95613,YEDLKAQSQEEIRRL,HHHHHHHHHHHHHHH,0
Q9UK80,GTGELGAALSRLALRP,CCCCCCCCCCCCCCCC,1
Q13547,TNQNTNEYLEKIKQ,CCCCCHHHHHHHHH,0
P41152,SNFSSFIRQLNTYG,CCHHHHHHHHHHHC,0
Q63450,YILLCGYPPFYDENDA,HHHHHCCCCCCCCCHH,0
P56524,EEAETVTAMASLSVGV,CHHHHHHHCCCCCCCC,1
P0C205,SMDALSAQLYSSLSLDS,CCCCCCCCCCCCCCCCC,1
P17861,MVVVAAAPNPADGT,CCCCCCCCCCCCCC,0
O95613,EAMRQRLLSAARLLT,HHHHHHHHHHHHHHC,0
Q9BZL6,RPPSSSSSSSASSYTG,CCCCCCCCCCCCCCCC,0
P40957,TIQLLQEKLEKLTK,HHHHHHHHHHHHHC,1
Q9BVS4,LQKGEANIFTKQRREN,CCCCCCCCCCCCCCCC,0
P49138,VKEEMTSALATMRVDY,HHHHHHHHHHHHCCCC,1
P34078,QKKGAMSDVSGFSM,CCCCCCCCCCCCCC,0
Q99AM3,MVPLVIKLRLRS,CCCEEEEEEEEE,1
O60716,GQESLEEELDVLVLDD,CCCCHHHHCCCCCCCC,1
Q91YD9,PMATVDIKNPEITT,CCCCCCCCCCCCCC,0
P42224,KFNILGTHTKVMNMEE,CCCCCCCCCCCCCCCC,1
Q6NXT1,EVTDLLASFTSLSLQM,HHHHHHHCCCCCCCCC,1
O15360,SASGQDPGGRRRAWAE,CCCCCCCCCCCCHHHH,0
P31749,ITPPDQDDSMECVD,CCCCCCCCCCCCCC,0
P42345,AVQGFFRSISLSRGN,HHHHHHHHHHCCCCC,0
O95613,PPGLEGKADRSEKSDGS,CCCCCCCCCCCCCCCCC,0
Q9NQS1,AGDHLEEELDLLLNLDA,CCCCCHHHHHHHHCCCC,1
P46934,SRRTQWKRPTPQDNLTD,CCEEECCCCCCCCCCCC,0
P42345,DMRTWLKYASLCGKSG,CHHHHHHHHHHHHHCC,0
O95613,IAERNLEIDALNQR,HHHHHHHHHHHHHH,0
P42858,NDLFGDAALYQSLP,HHHHCCHHHHHCHH,0
O15457,ELLINNQDYRNNHTLFG,HCCCCCCCCCCCCCHHH,0
Q04360,FDMSLVKPVSKITFVT,CCCCCCCCCCCCCCCC,1
Q14678,SVNDLTLLKTNLNLKE,EECCCCHHCCCCCCCC,1
Q05397,FGDVHQGIYMSPENPA,CCEEEEEEEECCCCCC,0
O14746,AGRNMRRKLFGVLRLKC,HHHHHHHHHHHHHHHCC,1
Q14145,CKDYLVKIFEELTLHK,HHHHHHHHHHHHCCCC,1
O15360,ESPRYLQVHILHPP,CCHHHHHHHHHCCC,0
Q9WTZ9,EMREIRRKLRELQLRN,HHHHHHHHHHHHHHHH,1
Q5GLC3,LDRSMKTMMETMKLMM,HHHHHHHHHHHHHHHH,1
P42345,PQLIPHMLRVFMHD,HHHHHHHHHHHHCC,0
Q16236,PKTPVHSSGDMVQPLS,CCCCCCCCCCCCCCCC,0
P42345,VVQAITFIFKSLGLKC,HHHHHHHHHHHCCCCC,1
O95613,CGQEAAELKEKLQSEME,HHHHHHHHHHHHHHHHH,0
P70661,WGSIYSPVSQAGNLSP,CCCCCCCCCCCCCCCC,0
P03116,QNIELITFINALKLWL,CCCCHHHHHHHHHHHH,1
Q99741,REMDVIRNFLREHICG,HHHHHHHHHHHHHHHC,0
Q8IXJ6,PYPEAIFEISYFKKHPE,CCHHHHCCHHHHHHCCH,0
Q02880,VEELDKVESQEREDVL,HCCCCCCCCCCCCCCC,0
Q96AP0,HQGALVCLAESCLTLEG,HHHHHHHHHHHHCCCCC,1
Q8BMI0,LKIPIGAKIQTLHLVG,CCCCCCCCEEEEEEEC,1
O94916,VKDRTQQGFPTVKLEGH,CCCCCCCCCEEEEEECC,0
Q13547,YVNDIVLAILELLK,HHHHHHHHHHHHHH,1
O95613,DLSRPTSSQKKMAAELQ,CCCCCCCCCCCCCCCCC,0
P04807,YPIKIVPAEDGSGA,CCCEEEECCCCHHH,0
Q8NFU5,LMEEIGFLVLGMRVYH,CCCCCCEEEEEEEEEE,1
P42858,YKLGQVSIHSVWLG,HHHCHHCHHHHHCC,0
P14340,LQSGVDVFFTPPEKCD,ECCCCCHHCCCCCCCC,0
O43524,LTENLMDDLLDNITLPP,CCCCCCCCCCCCCCCCC,1
P42345,TPSIHLISGHAHVVS,HHHHHCCCCCCCCCC,0
Q7RTN6,GIFGLVTNLEELEVDD,CCCCCCCCCCCCCCCC,1
P35869,SDLYSIMKNLGIDFED,CCHHHHHHCCCCCCCC,0
Q04377,HSSKFLSREQALMIER,HHHHHHHHHHHHHHHH,0
Q9Z1Y4,EIDSLTSMLADLDG,CCCCCCCCCCCCCC,1
P56524,MGLAGGRIVLALEGGH,HHHHCCCEEEEECCCC,0
P43487,LLAIRFLNAENAQKFK,EEEEEECCHHHHHHHH,0
Q02085,TSLSDEDSGKSSQPPS,CCCCCCCCCCCCCCCC,0
Q75R42,DLEDLRDALKLLGFXX,CCCHHHHHHCCCCC,1
P42858,ARRTPAILISEVVR,CCCCHHHHHHHHHH,0
P14340,RTTWSIHAKHEW,CCCHCHCCCCCC,0
P42345,KSSQDSSDYSTSEMLV,CCCCCCCCCCCCCCCC,0
P51587,VSQTSLLEAKKWLREG,CCHHHHHHHHHHHHCC,0
Q9R1A8,CYFSTRMSRISDDS,HHHHCCCCCCCCCC,0
Q02085,GLGQLPKQLARLSVAK,CCCCCCCCCCCCCCCC,1
Q8N720,KMHRKEKSYECNEY,CCCCCCCCCCCCCC,0
P42858,QASSPISDSSQTTTEGP,CCCCCCCCCCCCCCCCC,0
Q62985,YVPSQRQQERSTSRD,CCCCCCCCCCCCCCC,0
P28289,RQKDQTTKAPTGPFKR,CCCCCCCCCCCCCCCH,0
O95613,HSEKKTAKRKGSAVDAS,CCCCCCCCCCCCCCCCC,0
Q16236-2,IPKSDALYFDDCMQ,CCCCCCCCCCCCCC,0
Q9UMX3,RLAEVCAVLLRLGD,CHHHHHHHHHHHHH,1
P39723,YINDLEKQINDLQIDK,HHHHHHHHHHHHHHHH,1
O95613,VSKLEKLLKHHLQKGCS,HHHHHHHHCCCCCCCCC,0
Q9BYM8,LLCKAIHEQMNCKEY,CCCCCECCCCCHHHH,0
Q91YD9,KNPEITTNRFYGSQ,CCCCCCCCCCCCCC,0
Q8N668,HSAQIHTPVAIIELEL,HHHHCCCCEEEEEEEE,1
O15360,VTVDVLQRMLIFALDA,HHHHHHHHHHHHHHHH,1
O95613,CPEPPSGSPPEGPE,CCCCCCCCCCCCCC,0
P03243,DMTMKIWKVLRYDETRT,CCCCCCEEEECCCCCCC,0
P42858,YTGKEKVSPGRTSD,HCCCCCCCCCCCCC,0
P42224,TNGSLAAEFRHLQLKE,CCCCCCCCCCCCCCCC,1
Q8N108-13,QEDETQSSNDDPSQ,CCCCCCCCCCCCCC,0
P42345,VKGYTLADEEEDPLIYQ,HCCCCCCCCCCCCCCCC,0
Q95168,ADIALEKLANELPDLF,HHHHHHHHHHHCCCCC,1
Q9W639,IVTVDGYVDPSGGD,EEEEECCCCCCCCC,0
P04637,VGSDCTTIHYNYMCNSS,CCCCEEEEEEEEEEECC,0
Q5EBH1,KLEEALRESQGKPG,HHHHHHHCCCCCCC,0
O95613,KVIYTRSSEIEELKAT,CCCCCCCCCHHHHHHH,0
P51587,GNTQIKEDLSDLTFLE,CCCCCCCCCCCCCHHH,1
Q05397,RSEEVHWLHVDMGVSS,CCCCEEEECCCCCHHH,1
P42858,STTRALTFGCCEAL,CCCHHHHHHHHHHH,0
Q8NFU5,PRGPRELEFYNMVYAA,CCCHHHHHHHHHHHCC,0
P35869,MNSSSANITYASRK,CCCCCCCCCCCCCC,0
Q9R1A8,DQDNLDLANVNLML,CCCCCCHHHHHHHH,1
Q9UQL6,VAERRSSPLLRRKDGT,HHHHHCCCCCCCCCCC,0
P47973,DLSAIYESLMSMSH,CHHHHHHHHHCCCC,1
O43707,YHAFSGAQKAETAANR,HHHHHHHHHHHHHHHH,0
Q15797,CKIPSGCSLKIFNNQ,EECCCCCCEEEECHH,0
O35973,DIQELSEQIHRLLLQP,HHHHHHHHHHHHHCCC,1
P42858,YKLGQVSIHSVWLG,HHHCHHCHHHHHCC,0
Q9PWE8,PATGAHWMRQLVSFQK,CCCHHHHHHCCCCCCC,1
P14340,MAMDLGELCEDT,EECCCCCCCCCE,0
P25963,GVLTQSCTTPHLHSIL,HHHHCCCCCCCHHHHH,0
O95613,LEAALEAKEALSRLLADQ,HHHHHHHHHHHHHHHHHH,0
P55265,EILDGTRGTVDGPRNE,EEEECCCCCCCCCCCC,0
Q02880,LNWVKFKAQTQLNKKC,HHHHHHHHHHHHCCCC,0
P42858,STDDDSAPLVHCVRLL,CCCCCCCHHHHHHHHH,0
P42858,QLPQPPPQAQPLLP,CCCCCCCCCCCCCC,0
Q9JJG9,DAPGYLKRLRKRLWDD,CCCCHHHHHHHHHHHH,0
O15360,AEQPITARCEQFFHLV,CCCCHHHHHHHHHHHH,0
Q91YD9,SDEDEDDDDEEDFEDD,CCCCCCCCCCCCCCCC,0
Q14145,RRSALGITVHQGRIYV,CCECCEEEEECCEEEE,0
P14373,HEYRLLARLEELDLAI,HHHHHHHHHHHHHHHH,1
Q9P286,HPFLKLAGPPSCIVPL,CHHHHHCCCHHHHHHH,0
Q9WVH5,PNTSLNSPSPNYSK,CCCCCCCCCCCCCC,0
P11142,KSENVQDLLLLDVTP,CCCCCCCEEEEECCC,1
P10188,AEFCAYRFIGRDSNQKL,CCEEEEEEECCCCCCCC,0
P27987,GMPPLPGRAAPTGSEA,CCCCCCCCCCCCCCCC,0
Q77UV9,QGEVLSQRIGLMDVGQ,CCCCCCCEEECCCCCC,1
P24097,RIQQLEDLVRHMSLGS,HHHHHHHHHHHHCCCC,1
P07355,QDARDLYDAGVKRKGT,HHHHHHHHHHHHCCCC,0
Q8VIP2,GGWPPPERWCEQLFSSV,CCCCCCCCCCCCCCCCC,0
O94916,QQSILFSNQNTMATMAS,CCCCCCCCCCCCCCCCC,0
O15457,LINNQDYRNNHTLF,CCCCCCCCCCCCHH,0
Q24167,PLFNYREESNDTSCSQ,CCCCCCCCCCCCCCCC,0
P42224,PCARWAQLSEVLSW,CCCCHHHHHHHHHH,0
P08353,RPFRLPPRLALRLRVTA,CCCCCCHHHHHHHCCCH,1
Q96GX5,TPGQVLSLISSLGFNT,CCCCCCCCCCCCCCCC,1
Q60795,RLSTLYLEVFSMLR,HHHHHHHHHHHCCC,1
P56524,PNANAVRSMEKVMEIHS,CCHHHHHHHHHHHHHHH,0
O15360,QEGRQFASDFLSPEAAS,HHCCHHHHHHCCCCCCC,0
P30022,LDRMLKSAAIRILVCE,HHHHHHHCCEEEEEEC,1
P25963,PSTRIQQQLGQLTLEN,CCHHHHHHHHHCCCCC,1
O14746,EAGVPLGLPAPGARRRG,CCCCCCCCCCCCCCCCC,0
O95613,ERGALQDALRRLLGLFG,HHHHHHHHHHHHHHHHH,1
O95613,FQQEIQRLEGQLRQAAKP,HHHHHHHHHHHHCCCCCC,0
Q05116,AIGRYPIPPPDAKELE,HHCCCCCCCCCHHHHH,0
P04014,VESEISPRLDAIKLTT,CCCCCCCCCCEEECCC,1
O95613,HRHQLEALESPLCIQHE,CCCCCCCCCCCCCCCCC,0
Q05397,KLGDFGLSRYMEDS,EECCCHCCCECCCC,0
P24346,NVLNLDQQFAGLDLNS,CCCCHHHHCCCCCCCC,1
Q9Y572,AQPPQTPETSTFRNQM,CCCCCCCCCCCCCCCC,0
P24385,SRLQLLGATCMFVASK,HHHHHHHHHHHHHHHH,0
O95613,DLKEQLEKMKGDLESKN,HHHHHHHHHHHHHHHHH,0
Q9UGR2,LYEKALEDSEKALGLD,CHHHHHHHHHHHHHCC,0
P35869,FPQDVINKLDKLSVLR,CCHHHHHCHHHHHHHH,1
P42224,LQELNYNLKVKVLF,CCCCCEEEEEEEEC,0
Q9R1A8,EKRFKLDHSVSSTN,CCCCCCCCCCCCCC,0
P42224,EQLLLKKMYLMLDNKR,HHHHHHHHHHHHHHHH,1
O15457,PSVQVVSASTCPGT,CCCCCCCCCCCCCC,0
P27987,KMGIRTYLEEELTKAR,CCCCCCCCHHHHHHHH,0
O95613,RKTKGDSSHSEKKTAK,CCCCCCCCCCCCCCCC,0
O00255,PGTVAGTARGPEGG,CCCCCCCCCCCCCC,0
Q9URY2,MSEDLVIAMDQLNLEQ,HHHHHHHHHHHHHHHH,1
P42345,LKKDIQDGLLKMLSLVL,CHHHHHHHHHHHHHHHH,1
P38483,VRLYVLELYCIILGLP,HHHHHHHHHHHHCCCC,1
Q15797,VYELTKMCTIRMSF,EEECCCEEEEEEEE,1
O96018,TEAYGEVHIKTMPA,HCCCCEEEEEEECH,0
O95613,RAARVLGLETEHKV,HHHHHHHHHHHHHH,0
P09592,WLFCRSRVACLTPYRL,HHHCCCCCCCCCCCCC,0
Q24167,AFLKIREMLQFVPSLR,HHHHHHHHHCCCCCCC,1
O60716-18,GQESLEEELDVLVLDD,CCCCHHHHCCCCCCCC,1
P39940,TAQAVESTLQSGTTAA,CCCCCCCCCCCCCCCC,0
O95613,LEDGGKGKEKVLED,CCCCCCCCCCCCCC,0
Q09137,ASPRLGSHTMDFFEMCA,CCCCCCCCCCCHHHHHH,1
Q9Y572,SIEELENQELVGKGGF,CHHHCEEEEEEEECCC,0
P47973,XXMDLSAIYESLMSMS,CCHHHHHHHHHCCCCC,1
P42227,YLKTKFICVTPTTCSN,CCCCEEEECCCCCCCC,0
Q9Y572,LKEVVLGMFYLHDQNP,HHHHHHHHHHHCCCCC,0
O00255,PWGEEAREGRRRGP,CCCCCCCCCCCCCC,0
Q9NYF0,CRSLSTPQFNSLDVIA,CCCCCCCCCCCCCCCC,0
P39940,LPGGSSDNSSVTVQVG,CCCCCCCCCCCCCCCC,0
P16110,KEERQSAFPFESGKP,CCEEECCCCCCCCCC,0
Q8N720,RLERLQEILRKFLY,CCCCHHHHHHCCCC,1
P21952,SAHEITGLADSLQLEK,CHHHHHHHHHHCCCCC,1
Q24167,SVMRITIAFLKIRE,HHHHHHHHHHHHHH,1
Q99MU3,AVESTESRHYPVFENP,CCCCCCCCCCCCCCCC,0
Q9JJG9,FPPLVAEDITLKGGGKF,CCCCEEEEEEEECCCCC,0
Q14678,VHQFTNTETATLIE,CCECCCCCEEEEEE,0
O95613,PEQHGMFTVSDHPPEQR,CCCCCCCCCCCCCCCCC,0
P50616,IQVALNFIISYLYNKL,HHHHHHHHHHHHHCCC,1
P61925,NSNELALKLAGLDINK,CCHHHHHHHHCCCCCC,1
P40957,ELSKAQTTIQLLQE,HHHHHHHHHHHHHH,1
Q99AM3,HRKLRSAYYRVA,CCCCCCCCCCCC,0
Q13043,NSFGKSVPGPLKNSSD,CCCCCCCCCCCCCCCC,0
O94916,ILQSDGTVVNLSQLTEA,CCCCCCCCCCCCCCCCC,0
O92398,AQLANRMADIAQDVIA,HHHHHHHHHHHHHHHC,0
O95613,DLTLLQQRLQGAREDA,HHHHHHHHCCCCCCCC,0
P42858,IRLFEPLVIKALKQ,HHHHHHHHHHHHHH,0
O15457,YIEQLCIAEFSTVL,HHHHHCCCCCCHHH,0
Q96D46,PRISLAEMLEDLHISQ,CCCCHHHHHHCCCCCC,1
Q06219,MHNYQQHSHLPPQSEE,CCCCCCCCCCCCCCCC,0
P42345,KTEQNQGTRREAIRVL,CCCCCHHHHHHHHHHH,0
P50616,LNFIISYLYNKLPRRR,HHHHHHHHHCCCCHHH,1
O42250,EDMAIDLSSTSKQEN,CCCCCCCCCCCCCCC,0
Q5GLC3,QPVDQLLKDLRKNPSM,CCHHHHHHHHCCCCCC,0
Q16254,KLIELKAEIEELQQ,HHHHHHHHHHHHHH,1
O95613,RGMFTISDHQPEQRGMF,CCCCCCCCCCCCCCCCC,0
P34694,PLPVLENLTLKX,CCCCCCCCCCC,1
P42858,CVMSLCSSSYSELGLQL,HHHHHCCCCCCHHHHHH,0
Q06219,EGCKGFFKRTVQKN,CHHHHHHHHHHCCC,0
P69718,QLPPLERLTLDC,CCCCCCCCCCCC,1
Q9UMX3,TDPGLRSHWLVAALCSFG,CCCCCCCCHHHHHHHHHH,0
P40692,PAPLFDLAMLALDS,CCCHHHHHHHHCCC,1
P38936,EGDFAWERVRGLGLPK,CCCCEEEEECCCCCCC,1
Q9XF23,LNDLGVSTRGRQYVQA,HHHCCCCHHHHHHHHH,0
Q923E4,SDSGTCQSPSLEEPLED,CCCCCCCCCCCCCCCCC,0
P42345,GHSLTQFVRHCADH,CCCHHHHHHHHHHH,0
Q91YD9,PPPHSSGPPPPPARGR,CCCCCCCCCCCCCCCC,0
Q9Z207,APLREKDFGIKKEM,HHHCCCCHHHHHHH,0
P14340,VIDPRRCMKPVILTDG,EEECCEEEEEEEECCC,0
Q13485,VSPGIDLSGLTLQS,CCCCCCCCCCCCCC,1
Q75R42,LYFCDLEDSLEREGLR,CCCCCCCCHHHHHHHH,0
P51587,TDENEVGFRGFYSAHG,CCCCCCCCCCEECCCC,0
O00255,YRDEHIYPYMYLAGYH,CCCCCHHHHHHHHHHH,0
O95613,LRRESEVLDLKEQLEKM,HHHHHHHHHHHHHHHHH,0
Q04360,SPLCRDEDEKEETGNS,CCCCCCCCCCCCCCCC,0
O54943,HESGGQKEASVAEMQS,CCCCCCCCCCCCCCCC,0
P42224,RFNQAQSGNIQSTVML,CCCCCCCCCCCCCCCC,0
Q01354,SYMFVMLARLSRAVR,HHHHHHHHHHHHHHH,0
O00255,EEPDLVLLSLVLGF,CCCCHHHHHHHHHH,1
Q13490,NCPFLENSLETLRFSI,CCCCCCCCCCCCCCCC,1
Q95168,PGLSQHTSSRPPEPQK,CCCCCCCCCCCCCCCC,0
P24346,SGRDKDAYSSFGSRGD,CCCCCCCCCCCCCCCC,0
Q13485,QQAATAQAAAAAQA,HHHHHHHHHHHHHH,0
P30309,PEQPLTPVTDLAVGFSN,CCCCCCCHHHCCCCCCC,1
P06748,QNYLFGCELKADKD,CCEEEEEEECCCCC,0
O95613,QLSLLQTELKEEIE,HHHHHHHHHHHHHH,0
O00255,LSLVLGFVEHFLAVNR,HHHHHHHHHHHCCCCC,1
Q05397,RKYSLDLASLILYA,CCCCCCHHHHHHHH,1
O95613,TLEELKSDLSRPTS,HHHHHCCCCCCCCC,0
Q9R207,DTIRKKPRMDAERNRP,CCCCCCCCCCCCCCCC,0
P51587,QVFSKVLFKSNEHSDQ,CCCCCCCCCCCCCCCC,0
P42858,THPALVLLWCQILL,CCHHHHHHHHHHHH,0
P14340,PISTLWEGNPGR,CHHHHHCCCCHH,0
O00255,PALDKGLGTGQGAV,CCCCCCCCCCCCCC,0
Q01354,DSMTCKLVANFTLVP,CCCCCHHHCCCEEEE,0
Q96EV8,FKAELDAEHAQKVLEME,HHHHHHHHHHHHHHHHH,0
Q9R1A8,PLATLSYASDLYNGSS,EEEEEEECCCCCCCCC,0
P42858,RKLSIIRGIVEQEIQAM,HHHHHHHHHHHHHHHHH,0
P42345,LRHASGANITNATTAAT,CCCCCCCCCCCCCCCCC,0
Q09137,HTMDFFEMCASLITAL,CCCCHHHHHHHHHHHH,1
P42858,ELAASSGVSTPGSA,CCCCCCCCCCCCCC,0
P38861,GICHAGDSVMGYFIAN,CCCCCCCEEEEEECCC,0
O95613,QHRGCAKQAEAVTALEQ,HHHCHHHHHHHHHHHHH,0
P30309,PVTDLAVGFSNLST,CHHHCCCCCCCCCC,1
P03116,KKNCLAFIGPPNTGKS,CCCEEEEECCCCCCHH,0
P25054,PFSSSSSSKHSSPSGT,CCCCCCCCCCCCCCCC,0
P11388,EKQDEQVGLPGKGGKAK,CCCCCCCCCCCCCCCCC,0
P10188,GTAEFLQPTADLLVEV,CCCCCCCCCCHHHHHH,1
Q16236,FNEMMSKEQFNEAQLA,HHHHHHCCCCCHHHHH,0
O95613,DRADTSLPQTQGPG,CCCCCCCCCCCCCC,0
Q04360,TPAHAIPARPSSVVIT,CCCCCCCCCCCCCCCC,0
P17861,PLQNISPWILAVLTLQI,CHHHHHHHHHHHHHHHH,1
Q8BMI0,EATRTEEDLKKYPKYP,HCCCCHHHHHCCCCCC,0
P42345,ATTAATTAATATTTA,CCCCCCCCCCCCCCC,0
P60010,GVTHVVPIYAGFSLPH,CCEEECCCCCCCCCCC,1
P38398,ESTRFSQLVEELLKIIC,CCHHHHHHHHHHHHHHH,1
Q9BZB8,MEGLRHHSPLMRNQ,CHHHHCCCCCCCCC,0
P42858,VMSLCSSSYSELGL,HHHHCCCCCCHHHH,0
Q9JJG9,GPALVLYMVNLLDLPD,CCCEEEEEEEECCCCC,1
O95613,EEAHTSNVKMEKLY,CCCCCCCCHHHHHH,0
Q99MU3,APCGDGALFDKSCSDR,CCCCCCCCCCCCCCCC,0
Q9Z0Z7,QDEPVFAQLKPVLG,CCCCCCCCCCCCCC,0
P38398,QLCGASVVKELSSFTLG,HHCCCEEECCCCCCCCC,0
Q14678,LGRKTSPGPTHRGSFD,CCCCCCCCCCCCCCCC,0
P42858,LISEVVRSLLVVSD,HHHHHHHHHHHHHH,0
P03409,LFQPARAPVTLTAWQN,CCCCCCCCEEEEHHCC,0
P42858,QSDTSGPVTTSKSS,CCCCCCCCCCCCCC,0
P70661,AHNYIWALTQTLRIAD,HHHHHHHHHHHHHHHC,1
P25054,LEKERSLLLADLDKEE,HHHHHHHHHHHHHHHH,0
Q04206,GEGTLSEALLQLQFDD,CCCCCHHHHCCCCCCC,1
P10688,TSKILFCDVLRAIRDY,CCCEEHHHHHHHHHHH,0
P16727,AIVRLSLNLFALRIIT,CEEEEEEEEEEEECCC,1
Q9Z0Z7,DTEGIPYSINMNVFLPD,CCCCCCCCEEECCCCCC,1
Q9NYF0,RLGNHASDICGGSELD,CCCCCCCCCCCCCCCC,0
Q9H4D5,RMEGNMPDGTLGSWFKIT,CCCCCCCCCCCCCEEEEE,0
P54824,LHLQKPYEINLM,HHCCCCEEEECC,0
Q63450,EGKEGSMENEIAVLHK,CCCHHHHHHHHHHHHH,0
Q02880,TVQDILKEFFDLRLSY,CHHHHHHHHHHHHHHH,1
O00311,SVYLATAQLQVGPE,EEEEEEECCCCCCC,0
Q95168,RPVVLFGPIADIALEK,CCEEECCCHHHHHHHH,1
Q9R1A8,SSRYHLAFGCADHC,CCCCEEEEEECCCE,0
P42345,QIVVALGGEFKLYL,HHHHHHHHHHHHHH,0
P42345,KDDWLEWLRRLSLEL,HHHHHHHHHHHHHHH,1
P38483,EINWGGRHSIWRHTSQ,EEEECCCCEEEEECCC,0
P42858,LVLQQCHKENEDKW,HHHHHHCCCCHHHH,0
P38398,ISDNLEQPMGSSHASQV,CCCCCCCCCCCCCCCCC,0
P51587,FSDGGNVGCVDVIIQR,CCCCCCEEEEEEEEEE,0
Q9HCN4,DSDTDDIDHRVTEESH,CCCCCCCCCCCCCCCC,0
P56524,KQQIQRQILIAEFQRQ,HHHHHHHHHHHHHHHH,0
P42345,QEESTRFYDQLNHHIFE,HHHHHHHHHHHHHHHHH,0
O95613,GVLPDSTSKKSCHPM,CCCCCCCCCCCCCCC,0
P11388,LYKIFDEILVNAADNK,HHHHHHHHHHHHHHHH,0
P42345,KLLMCRDLELAVPGTYD,HHHHCCCCCCCCCCCCC,0
Q14494,ILWRQDIDLGAGREVFD,HHHCCCCCCCCCCCCCC,0
Q96GX5,ETDTSYFEARNTAQHL,CCCCCCCHHHCCCCCC,0
Q24167,TITAQLLSGSSSGL,CCCCCCCCCCCCCC,0
P42227,FWVWLDNIIDLVKKYI,HHHHHHHHHHHHHHHH,0
O95613,QLHEVIEKLQHELSLMG,HHHHHHHHHHHHHHCCC,1
P10188,TAEFLQPTADLLVEVLR,CCCCCCCCCHHHHHHHH,1
P38398,VTREWVLDSVALYQCQ,EEHHHHHHHHHHCCCC,0
Q13148,CGEDLIIKGISVHI,HCCCEEECCEEEEE,1
P46934-4,VPTHLAEELNARLTIFG,CCCCHHHHCCCCCCCCC,1
Q13490,SLETLRFSISNLSMQT,CCCCCCCCCCCCCHHH,1
Q9URY2,SPSSSSIGTNETDH,CCCCCCCCCCCCCC,0
O70343,RSPYSRRPRYDSYE,CCCCCCCCCCCCHH,0
Q96GX5,FISSVESECHSSPK,CCCCCCCCCCCCCC,0
Q68SB1,IFYVQLTVGNNEFFGEG,EEEEEEEECCEEEEEEC,0
Q68SB1-2,XMLQINQMFSVQLSLGE,CCCCCCEEEEEEEECCE,1
Q9R1A8,EFQECLSKFTRYNS,HHHHHCCCCCCCCC,0
Q6NXT1,TALHFASCNGNDQIVQ,CHHHHHHHCCCHHHHH,0
Q9Z2A0,NYDNLLSQFGFMQVSS,CCCCCCCCCCCCCCCC,1
Q9NRA8,GSPLEKDSDGLRLLGG,CCCCCCCCCCCCCCCC,0
P25054,SKENQVSAKGTWRKIK,CCCCCCCCCCCCCCCC,0
P42858,FEPLVIKALKQYTTTT,HHHHHHHHHHHHHCCC,0
Q91YD9,DEDDDDEEDFEDDD,CCCCCCCCCCCCCC,0
Q9HCN4,QLERLRKDMGSVALDA,HHHHHHHHHCCCCCCC,1
P42858,ICENIVAQSVRNSP,HHHHHHHHCCCCCH,0
P25054,SRGRTMIHIPGVRNSS,CCCCCCCCCCCCCCCC,0
Q9UGR2,CGQCWRNGQVVEPDKD,CHHHHCCCCEECCCCC,0
Q05397,DSHKVKHVACYGFRLSH,CCCCCCCCCCCEEEECC,1
P41152,LDKQVHRKDKQRIE,HHCCCCCCCCCCCC,0
P42858,PWVAAILPHVISRM,HHHHHHHHHHHHHH,0
Q9NQS1,QEEEVCAKPSVTEEKNM,CCCCCCCCCCCCCCCCC,0
O08560,PVSKILSHVEEGNVVQ,CHHHHHHHHHHCCCEE,0
O43707,IPWLEDRVPQKTIQEM,HHHHHCCCCCCCHHHH,0
O15360,LIFALDALAAGVQEES,HHHHHHHHHHCCCCCC,1
P35977,AVRDLERAMTTLKLWE,HHHHHHHHHHHHHHCC,1
O95613,QQVASLDKHLRNQRQFM,HHHHHHHHHHHHHHHHH,0
O96018,ECPPSQTGPEEPLE,CCCCCCCCCCCCCC,0
Q9Y572,NDVMVSEWLNKLNLEE,CCCCHHHHHCCCCCCC,1
Q05397,APEPLTVTAPSLTI,CCCCEEEECCCHHH,0
Q9XF23,LGLQLEEIQETLKNSG,CCCCHHHHHHHHCCCC,1
O95613,DTSLPQTQGPGLLCSP,CCCCCCCCCCCCCCCC,0
O43707,AEEIVDGNAKMTLGMIW,CCCCCCCCCHHHHHHHH,1
P38483,RYPHLWVRLYVLELYC,CCCHHHHHHHHHHHHH,1
P35869,SCMVQEHLHLEQQQ,CCCCCCCCCCCCCC,0
Q9HAP2,VLPLVPPPATALNPPA,CCCCCCCCCCCCCCCC,0
Q14678,ASFGGMGTTSSLPSFV,CCCCCCCCCCCCCCCC,0
P51587,NTLALDNQKKLSKPQS,CCCCCCCCCCCCCCCC,0
Q923E4,SAAAPAALWREAAGAAA,CCCCCCCCCCCCCCCCC,0
O95613,HEIEECRSELEVLQQ,HHHHHHHHHHHHHHH,0
O15360,RRPYYVSHFLPALL,CCHHHHHHHHHHHH,0
Q9UGR2,KKLAASVLDALDPPGP,CCCCCCCCCCCCCCCC,0
O75398,VPPPTPTKAAPPAL,CCCCCCCCCCCCCC,0
O92398,TVLITKEGVIQLIMKS,EEEECHHHHHHHHHHC,1
O15360,ELKGQGNPVELITKAR,CCCCCCCHHHHHHHHH,0
Q8BMI0,NLVGVTMTNCGITD,CCCEEEEECCCCCE,0
P42858,MVADECLNKVIKALMD,HHHHHHHHHHHHHHCH,0
Q05397,PSPRSSEGFYPSPQHMV,CCCCCCCCCCCCCCCCC,0
Q96GX5,GRILGTPDYLAPEL,CCCCCCHHHCCHHH,0
O15360,LCSCLSPGLIKKFQFLM,HHHCCCHHHHHHHHHHH,1
Q9URY2,KLLMQQQSQQTGDLET,CCCCCCCCCCCCCHHH,0
O00311,DLRKLCERLRGMDS,CHHHHHHHHCCCCC,1
P35869,KLDKLSVLRLSVSY,CHHHHHHHHHHHCC,1
O15360,LIKKFQFLMFRLFS,HHHHHHHHHHHHHH,1
P17861,EQQVVDLEEENQKL,HHHHHHHHHHHHHH,0
Q62074,ASSSLGLQDFDLLR,CCCCCCCCCCCEEE,1
Q9WVH5,NSVMPAYGSQASHN,CCCCCCCCCCCCCC,0
P03116,FGTMVQWAYDHKYAEE,HHHHHHHHHHCCCCCH,0
Q06787,DRNQKKEKPDSVDGQ,CCCCCCCCCCCCCCC,0
O75398,SVYDSELPVRCRNI,CCCCCCEEEEECCC,0
Q99612,DVLPMCSIFQELQIVH,CCCCCHHHHHHHHHHH,1
Q24167,EKYDVQMGGSLCHPME,CCCCCCCCCCCCCCCC,0
P97318,AAEPVILDLRDLFQLIY,CHHHHHHHHHHHHHHHH,1
P25963,QLGQLTLENLQMLP,HHHHCCCCCCCCCC,1
Q8N720,DCDVWEKNSSQRAHLVQ,CCCCCCCCCCCCCCCCC,0
Q5TAQ9,HLPVLATSGLDHDVKI,CCCEEEEEECCCCEEE,0
P39940,ELELLIGGIAEIDIED,HHHHHHHCCCCCCHHH,1
P28289,SNAMMNNNDLVRKRRL,HHHHHHCHHHHHHHHC,0
P14340,VVPMVTQMAMTD,CCCCEEEEEECC,1
P97318,LTPLATVPGTNDSARSS,CCCCCCCCCCCCCCCCC,0
O43707,GDKNFITAEELRRELP,CCCCCECHHHHHHHCC,0
O95613,LQLMLARSRFLEER,HHHHHHHHHHHHHH,0
P42858,EEEWDEEEEEEADA,CCCCCCCCCCCCCC,0
Q91YD9,GLPSDGDHQVPAPS,CCCCCCCCCCCCCC,0
P27987,VDVLRPFVPAYHGDVV,HHHCCHHCCEEEEEEE,0
Q9UDY8,GEKGCTVTELSD,HHCCCCHHHHHH,0
P42858,STGQSSMVRDWVML,HCCCHHHHHHHHHH,0
Q96K30,PVELAVSGMQTLGLQH,CCEEEECCCCCCCCCC,1
P42224,QVHQLYDDSFPMEIRQY,HHHHHCCCCCCHHHHHH,0
Q75R42,RNRSGCHVELLFLRYL,CCCCCCCHHHHHHHHH,0
O00221,SLVLLPFDDLKISG,CCCCCCHHHHHHCC,1
Q8BMI0,YNWISDHSRWMRLVDI,CCCCCCCCHHCCCCEE,0
Q96T21,CVTDLLKELVRFQD,HHHHHHHHHHHHHH,1
P42345,LFNAAFVSCWSELNE,HHHHHHHHHHCCCCH,0
Q8N108-13,LRRLRFNVKAAREE,HHHHCCCCCCCCCC,0
P38483,RLYVLELYCIILGL,HHHHHHHHHHHCCC,1
P43487,HAEKVAEKLEALSVKE,CHHHHHHHHHCCCCCC,1
Q15797,YYVGGEVYAECLSDS,EEECCEEEEEECCCC,0
Q13148,DEPLRSRKVFVGRCTE,CCCCCCCEEEEECCCC,0
P29067,DDDIVFEDFARLRLKG,CCCEEEEECCCCCCCC,1
Q6VGT3,DMVLTREELVILRK,CCCCCHHHHHHHHC,1
P24385,DLACTPTDVRDVDIXX,CCCCCCCCCCCCCC,1
P42858,XMATLEKLMKAFES,CHHHHHHHHHHHHH,1
P09592,PKGVGAKGDSGRPILD,CCCCCCCCCCCCEEEC,0
O15360,DFLSPEAASPAPNPDWL,HHCCCCCCCCCCCHHHH,0
Q9HCE7,ELELIIGGLDKIDLND,HHHHHHHCCCCCCHHH,1
Q15797,ELTKMCTIRMSFVK,ECCCEEEEEEEEEE,1
P25054,QSFSFSKSSSGQSSKT,CCCCCCCCCCCCCCCC,0
P59636,KVYPIILRLGSQLSLSM,CEEEEEEEECCCCHHHH,1
P03243,QVAELYPELRRILTITE,CCCCCCHHHHCCEEECC,1
P05928,AIIRILQQLLFIHFRI,HHHHHHHHHHHHHCCC,1
O70343,DLPELDLSELDVND,CCCCCCCCCCCCCC,1
P03129,TLEDLLMGTLGIVC,HHHHHHCCCCCEEC,1
Q923E4,DEVDLLIVIGSSLKVRP,CCCCEEEEECCCCCCCC,1
C3W5S6,SFQDILMRMSKMQLGS,HHHHHHHHHHHHHCCC,1
P42858,TLEKLMKAFESLKS,HHHHHHHHHHHHHH,1
P42345,WYRHTFEEAEKGFDETL,HHHHHHHHHHHHHHHHC,0
Q16236-2,LVPDIPGHIESPVF,CCCCCCCCCCCCCC,0
O75398,SLLNTAQQLKTLFE,HHHHHHHHHHHHHH,1
P38483,YVLELYCIILGLPP,HHHHHHHHHCCCCC,1
Q9W639,KLKEKKDELDSLIT,HHHHCHHHHHHHHH,0
Q24167,TMVPKEIDAIQQQL,CCCCCCCCCCCCCC,0
P42224,VISNVSQLPSGWASIL,EEECCCCCCHHHEEEE,0
Q17RY0,DMHSLESSLIDIMR,CCCCCHHHHHHHHC,1
P31749,VYRDLKLENLMLDK,EEECCCCCCCCCCC,1
P24346,DRENSGWNSGRDKDAY,CCCCCCCCCCCCCCCC,0
P16727,FPRDALLGRLYFISSK,CCCCHHECEEEEECCC,0
P25293,KLLSLKTLQSELFEVE,HHHHHHHHHHHHHHHH,1
O43524,QHQTQGALGGSRALSN,CCCCCCCCCCCCCCCC,0
P42858,LSQSGAVLTLYVDR,CCCCCHHHHHHHHH,0
O95613,LSEEQEKANSVQKLLAA,HHHHHHHHHHHHHHHHH,0
O95613,PSGHTRDPARGRRL,CCCCCCCCCCCCCC,0
P38398,HPEKYQGSSVSNLHVEP,CCCCCCCCCCCCCCCCC,0
O75398,HYPGYQDSCQIAPF,CCCCCCCCCCCCCC,0
P03116,RQELNEEQAISHLHLQ,CCCCCHHHHHHHHHHH,0
P41152,PEFDVEVEDLVVKT,CCCCCCCCCCCCCC,1
Q6UB99,GPPGGIQPEAAEPKPT,CCCCCCCCCCCCCCCC,0
P42227,IVELFRNLMKSAFVVER,HHHHHHHHHCCCEEEEE,1
Q9UDY8,WCHVYNDRDSQD,EEEEECCCCEEE,0
Q24167,CDTDASSDSGIDENSL,CCCCCCCCCCCCCCCC,0
O75398,LSGRTALQIGDSLNTE,CCCCCEEECCCCCCCC,0
Q13485,KYCQYAFDLKCDSV,CCCCCCECCCCCEE,0
O00221,EESLVLLPFDDLKISG,HHCCCCCCHHHHHHCC,1
Q62985,SESNDRLSQGAYGGL,CCCCCCCCCCCCCCC,0
Q5GLC3,ISDPDQRTGREQLSND,CCCCCCCCCCCCCCHH,0
P42858,KQEEVWPALGDRALVPM,CCCCCCCCCCCHHHHHH,0
O95613,LSELHEQLLARTSRV,HHHHHHHHHHCCCCH,0
Q91UL8,LQMFNPHEAIDWINGQ,HHHCCHHHHHHHHHCC,0
P11484,TVQFPVYQGERVNCKE,EEEEEEEECCCCCCCC,0
Q62985,DPTQPSEPPPWTDPP,CCCCCCCCCCCCCCC,0
O00255,QSQVQMKKQKVSTP,CCCCCCCCCCCCCC,0
Q9NYF0,AHGHGREAVVAKPKHK,CCCCCCCCCCCCCCCC,0
O43524,NEGTGKSSWWIINPDGG,CCCCCCEEEEEECCCCC,0
P42858,DLISLSHEPPVQDF,HHHHCCCCCCHHHH,0
Q68SB1-2,ASRHRVTSGTTLGYLSP,CCCCCCCCCCCCCCCCC,0
P25963,EFTEDELPYDDCVFGG,CCCCCCCCCCCCCCCC,0
P20067,ILQHVIDYIRDLQLEL,HHHHHHHHHHHHHHHH,1
P06748,EDDDDDDEEDDDED,CCCCCCCCCCCCCC,0
Q9NYF0,AFPVEERPALDFKSEG,CCCCCCCCCCCCCCCC,0
Q13148,NQSGPSGNNQNQGNMQ,CCCCCCCCCCCCCCCC,0
O70201,EGWEPDDNPIEEHRKH,CCCCCCCCHHHHHHHH,0
Q9PWE8,MRQLVSFQKLKLTN,HHCCCCCCCHHCCC,1
O95613,HARELQLLQERHQQQ,HHHHHHHHHHHHHHH,0
P14635,AFSDVILAVNDVDA,HHHHCCCCCCCCCC,1
Q9UDY8,SESKLQICVEPT,CCCCCEEEECCC,0
P11388,LNGNKLPVKGFRSYVD,ECCEECCCCCHHHHHH,0
P40427,MEDPNRMLAHTGGMMA,CCCCCCCCCCCCCCCC,0
Q06787,ASSVVAGESQKPEL,CCCCCCCCCCCCCC,0
Q06787,HLNYLKEVDQLRLER,HHHHHHHHHHHHHHH,1
Q6UB99,GEDDRDSLGSSGCLKG,CCCCCCCCCCCCCCCC,0
